Id,PositionX,PositionY,IsWorkStation,CanLeftLoad,CanLeftUnload,CanRightLoad,CanRightUnload,IsCharger,CouplerId,ChargeDirection,IsSegmentPoint,CanSpin,PioDirection,IsTR50,InsideSectionId,OffsetX,OffsetY,OffsetTheta,VehicleHeadAngle,,,,
19000,29154,49868,TRUE,TRUE,FALSE,FALSE,FALSE,FALSE,None,None,TRUE,FALSE,Left,FALSE,0,0,0,0,0,19,000,,
10001,20667,7842,TRUE,TRUE,FALSE,FALSE,FALSE,FALSE,None,None,TRUE,FALSE,Left,FALSE,0,0,0,0,0,10,001,,
13002,21417,7842,TRUE,TRUE,FALSE,FALSE,FALSE,FALSE,None,None,TRUE,FALSE,Left,FALSE,0,0,0,0,0,13,002,,
13003,21927,7842,TRUE,TRUE,FALSE,FALSE,FALSE,FALSE,None,None,TRUE,FALSE,Left,FALSE,0,0,0,0,0,13,003,,
11004,22707,7842,TRUE,TRUE,FALSE,FALSE,FALSE,FALSE,None,None,TRUE,FALSE,Left,FALSE,0,0,0,0,0,11,004,,
13005,23457,7842,TRUE,TRUE,FALSE,FALSE,FALSE,FALSE,None,None,TRUE,FALSE,Left,FALSE,0,0,0,0,0,13,005,,
13006,23967,7842,TRUE,TRUE,FALSE,FALSE,FALSE,FALSE,None,None,TRUE,FALSE,Left,FALSE,0,0,0,0,0,13,006,,
12007,24747,7842,TRUE,TRUE,FALSE,FALSE,FALSE,FALSE,None,None,TRUE,FALSE,Left,FALSE,0,0,0,0,0,12,007,,
12008,25227,7842,TRUE,TRUE,FALSE,FALSE,FALSE,FALSE,None,None,TRUE,FALSE,Left,FALSE,0,0,0,0,0,12,008,,
14009,25527,7842,TRUE,TRUE,FALSE,FALSE,FALSE,FALSE,None,None,TRUE,FALSE,Left,FALSE,0,0,0,0,0,14,009,,
14010,26037,7842,TRUE,TRUE,FALSE,FALSE,FALSE,FALSE,None,None,TRUE,FALSE,Left,FALSE,0,0,0,0,0,14,010,,
12011,26847,7842,TRUE,TRUE,FALSE,FALSE,FALSE,FALSE,None,None,TRUE,FALSE,Left,FALSE,0,0,0,0,0,12,011,,
12012,27327,7842,TRUE,TRUE,FALSE,FALSE,FALSE,FALSE,None,None,TRUE,FALSE,Left,FALSE,0,0,0,0,0,12,012,,
13013,27567,7842,TRUE,TRUE,FALSE,FALSE,FALSE,FALSE,None,None,TRUE,FALSE,Left,FALSE,0,0,0,0,0,13,013,,
13014,28077,7842,TRUE,TRUE,FALSE,FALSE,FALSE,FALSE,None,None,TRUE,FALSE,Left,FALSE,0,0,0,0,0,13,014,,
12015,28317,7842,TRUE,TRUE,FALSE,FALSE,FALSE,FALSE,None,None,TRUE,FALSE,Left,FALSE,0,0,0,0,0,12,015,,
12016,28947,7842,TRUE,TRUE,FALSE,FALSE,FALSE,FALSE,None,None,TRUE,FALSE,Left,FALSE,0,0,0,0,0,12,016,,
13017,29637,7842,TRUE,TRUE,FALSE,FALSE,FALSE,FALSE,None,None,TRUE,FALSE,Left,FALSE,0,0,0,0,0,13,017,,
13018,30117,7842,TRUE,TRUE,FALSE,FALSE,FALSE,FALSE,None,None,TRUE,FALSE,Left,FALSE,0,0,0,0,0,13,018,,
12019,30417,7842,TRUE,TRUE,FALSE,FALSE,FALSE,FALSE,None,None,TRUE,FALSE,Left,FALSE,0,0,0,0,0,12,019,,
13020,31677,7842,TRUE,TRUE,FALSE,FALSE,FALSE,FALSE,None,None,TRUE,FALSE,Left,FALSE,0,0,0,0,0,13,020,,
13021,32187,7842,TRUE,TRUE,FALSE,FALSE,FALSE,FALSE,None,None,TRUE,FALSE,Left,FALSE,0,0,0,0,0,13,021,,
10022,32427,7842,TRUE,TRUE,FALSE,FALSE,FALSE,FALSE,None,None,TRUE,FALSE,Left,FALSE,0,0,0,0,0,10,022,,
10023,33157,6632,TRUE,TRUE,FALSE,FALSE,FALSE,FALSE,None,None,TRUE,FALSE,Left,FALSE,0,0,0,0,0,10,023,,
11024,33157,5702,TRUE,TRUE,FALSE,FALSE,FALSE,FALSE,None,None,TRUE,FALSE,Left,FALSE,0,0,0,0,0,11,024,,
10025,33157,4832,TRUE,TRUE,FALSE,FALSE,FALSE,FALSE,None,None,TRUE,FALSE,Left,FALSE,0,0,0,0,0,10,025,,
10026,31887,3742,TRUE,TRUE,FALSE,FALSE,FALSE,FALSE,None,None,TRUE,FALSE,Left,FALSE,0,0,0,0,0,10,026,,
13027,31257,3742,TRUE,TRUE,FALSE,FALSE,FALSE,FALSE,None,None,TRUE,FALSE,Left,FALSE,0,0,0,0,0,13,027,,
13028,30747,3742,TRUE,TRUE,FALSE,FALSE,FALSE,FALSE,None,None,TRUE,FALSE,Left,FALSE,0,0,0,0,0,13,028,,
13029,30237,3742,TRUE,TRUE,FALSE,FALSE,FALSE,FALSE,None,None,TRUE,FALSE,Left,FALSE,0,0,0,0,0,13,029,,
12030,29727,3742,TRUE,TRUE,FALSE,FALSE,FALSE,FALSE,None,None,TRUE,FALSE,Left,FALSE,0,0,0,0,0,12,030,,
12031,29247,3742,TRUE,TRUE,FALSE,FALSE,FALSE,FALSE,None,None,TRUE,FALSE,Left,FALSE,0,0,0,0,0,12,031,,
12032,28767,3742,TRUE,TRUE,FALSE,FALSE,FALSE,FALSE,None,None,TRUE,FALSE,Left,FALSE,0,0,0,0,0,12,032,,
12033,28257,3742,TRUE,TRUE,FALSE,FALSE,FALSE,FALSE,None,None,TRUE,FALSE,Left,FALSE,0,0,0,0,0,12,033,,
14034,27627,3742,TRUE,TRUE,FALSE,FALSE,FALSE,FALSE,None,None,TRUE,FALSE,Left,FALSE,0,0,0,0,0,14,034,,
14035,27147,3742,TRUE,TRUE,FALSE,FALSE,FALSE,FALSE,None,None,TRUE,FALSE,Left,FALSE,0,0,0,0,0,14,035,,
14036,26667,3742,TRUE,TRUE,FALSE,FALSE,FALSE,FALSE,None,None,TRUE,FALSE,Left,FALSE,0,0,0,0,0,14,036,,
12037,26157,3742,TRUE,TRUE,FALSE,FALSE,FALSE,FALSE,None,None,TRUE,FALSE,Left,FALSE,0,0,0,0,0,12,037,,
12038,25527,3742,TRUE,TRUE,FALSE,FALSE,FALSE,FALSE,None,None,TRUE,FALSE,Left,FALSE,0,0,0,0,0,12,038,,
12039,25047,3742,TRUE,TRUE,FALSE,FALSE,FALSE,FALSE,None,None,TRUE,FALSE,Left,FALSE,0,0,0,0,0,12,039,,
12040,24567,3742,TRUE,TRUE,FALSE,FALSE,FALSE,FALSE,None,None,TRUE,FALSE,Left,FALSE,0,0,0,0,0,12,040,,
13041,24057,3742,TRUE,TRUE,FALSE,FALSE,FALSE,FALSE,None,None,TRUE,FALSE,Left,FALSE,0,0,0,0,0,13,041,,
13042,23547,3742,TRUE,TRUE,FALSE,FALSE,FALSE,FALSE,None,None,TRUE,FALSE,Left,FALSE,0,0,0,0,0,13,042,,
12043,22947,3742,TRUE,TRUE,FALSE,FALSE,FALSE,FALSE,None,None,TRUE,FALSE,Left,FALSE,0,0,0,0,0,12,043,,
12044,22467,3742,TRUE,TRUE,FALSE,FALSE,FALSE,FALSE,None,None,TRUE,FALSE,Left,FALSE,0,0,0,0,0,12,044,,
13045,21957,3742,TRUE,TRUE,FALSE,FALSE,FALSE,FALSE,None,None,TRUE,FALSE,Left,FALSE,0,0,0,0,0,13,045,,
13046,21447,3742,TRUE,TRUE,FALSE,FALSE,FALSE,FALSE,None,None,TRUE,FALSE,Left,FALSE,0,0,0,0,0,13,046,,
12047,20847,3742,TRUE,TRUE,FALSE,FALSE,FALSE,FALSE,None,None,TRUE,FALSE,Left,FALSE,0,0,0,0,0,12,047,,
10048,20607,3742,TRUE,TRUE,FALSE,FALSE,FALSE,FALSE,None,None,TRUE,FALSE,Left,FALSE,0,0,0,0,0,10,048,,
10049,18947,5432,TRUE,TRUE,FALSE,FALSE,FALSE,FALSE,None,None,TRUE,FALSE,Left,FALSE,0,0,0,0,0,10,049,,
10050,18947,6482,TRUE,TRUE,FALSE,FALSE,FALSE,FALSE,None,None,TRUE,FALSE,Left,FALSE,0,0,0,0,0,10,050,,
10051,21900,870,TRUE,TRUE,FALSE,FALSE,FALSE,FALSE,None,None,TRUE,FALSE,Left,FALSE,0,0,0,0,0,10,051,,
12052,21660,870,TRUE,TRUE,FALSE,FALSE,FALSE,FALSE,None,None,TRUE,FALSE,Left,FALSE,0,0,0,0,0,12,052,,
12053,21150,870,TRUE,TRUE,FALSE,FALSE,FALSE,FALSE,None,None,TRUE,FALSE,Left,FALSE,0,0,0,0,0,12,053,,
12054,20670,870,TRUE,TRUE,FALSE,FALSE,FALSE,FALSE,None,None,TRUE,FALSE,Left,FALSE,0,0,0,0,0,12,054,,
12055,20190,870,TRUE,TRUE,FALSE,FALSE,FALSE,FALSE,None,None,TRUE,FALSE,Left,FALSE,0,0,0,0,0,12,055,,
14056,19770,870,TRUE,TRUE,FALSE,FALSE,FALSE,FALSE,None,None,TRUE,FALSE,Left,FALSE,0,0,0,0,0,14,056,,
14057,19260,870,TRUE,TRUE,FALSE,FALSE,FALSE,FALSE,None,None,TRUE,FALSE,Left,FALSE,0,0,0,0,0,14,057,,
12058,18570,870,TRUE,TRUE,FALSE,FALSE,FALSE,FALSE,None,None,TRUE,FALSE,Left,FALSE,0,0,0,0,0,12,058,,
10059,18330,870,TRUE,TRUE,FALSE,FALSE,FALSE,FALSE,None,None,TRUE,FALSE,Left,FALSE,0,0,0,0,0,10,059,,
10060,16020,870,TRUE,TRUE,FALSE,FALSE,FALSE,FALSE,None,None,TRUE,FALSE,Left,FALSE,0,0,0,0,0,10,060,,
12061,15750,870,TRUE,TRUE,FALSE,FALSE,FALSE,FALSE,None,None,TRUE,FALSE,Left,FALSE,0,0,0,0,0,12,061,,
12062,15270,870,TRUE,TRUE,FALSE,FALSE,FALSE,FALSE,None,None,TRUE,FALSE,Left,FALSE,0,0,0,0,0,12,062,,
12063,14790,870,TRUE,TRUE,FALSE,FALSE,FALSE,FALSE,None,None,TRUE,FALSE,Left,FALSE,0,0,0,0,0,12,063,,
12064,14280,870,TRUE,TRUE,FALSE,FALSE,FALSE,FALSE,None,None,TRUE,FALSE,Left,FALSE,0,0,0,0,0,12,064,,
14065,13650,870,TRUE,TRUE,FALSE,FALSE,FALSE,FALSE,None,None,TRUE,FALSE,Left,FALSE,0,0,0,0,0,14,065,,
14066,13170,870,TRUE,TRUE,FALSE,FALSE,FALSE,FALSE,None,None,TRUE,FALSE,Left,FALSE,0,0,0,0,0,14,066,,
12067,12690,870,TRUE,TRUE,FALSE,FALSE,FALSE,FALSE,None,None,TRUE,FALSE,Left,FALSE,0,0,0,0,0,12,067,,
12068,12180,870,TRUE,TRUE,FALSE,FALSE,FALSE,FALSE,None,None,TRUE,FALSE,Left,FALSE,0,0,0,0,0,12,068,,
12069,11550,870,TRUE,TRUE,FALSE,FALSE,FALSE,FALSE,None,None,TRUE,FALSE,Left,FALSE,0,0,0,0,0,12,069,,
12070,11070,870,TRUE,TRUE,FALSE,FALSE,FALSE,FALSE,None,None,TRUE,FALSE,Left,FALSE,0,0,0,0,0,12,070,,
12071,10590,870,TRUE,TRUE,FALSE,FALSE,FALSE,FALSE,None,None,TRUE,FALSE,Left,FALSE,0,0,0,0,0,12,071,,
12072,10080,870,TRUE,TRUE,FALSE,FALSE,FALSE,FALSE,None,None,TRUE,FALSE,Left,FALSE,0,0,0,0,0,12,072,,
12073,9450,870,TRUE,TRUE,FALSE,FALSE,FALSE,FALSE,None,None,TRUE,FALSE,Left,FALSE,0,0,0,0,0,12,073,,
12074,8970,870,TRUE,TRUE,FALSE,FALSE,FALSE,FALSE,None,None,TRUE,FALSE,Left,FALSE,0,0,0,0,0,12,074,,
12075,8490,870,TRUE,TRUE,FALSE,FALSE,FALSE,FALSE,None,None,TRUE,FALSE,Left,FALSE,0,0,0,0,0,12,075,,
12076,7980,870,TRUE,TRUE,FALSE,FALSE,FALSE,FALSE,None,None,TRUE,FALSE,Left,FALSE,0,0,0,0,0,12,076,,
14077,7470,870,TRUE,TRUE,FALSE,FALSE,FALSE,FALSE,None,None,TRUE,FALSE,Left,FALSE,0,0,0,0,0,14,077,,
14078,6960,870,TRUE,TRUE,FALSE,FALSE,FALSE,FALSE,None,None,TRUE,FALSE,Left,FALSE,0,0,0,0,0,14,078,,
12079,6390,870,TRUE,TRUE,FALSE,FALSE,FALSE,FALSE,None,None,TRUE,FALSE,Left,FALSE,0,0,0,0,0,12,079,,
12080,5880,870,TRUE,TRUE,FALSE,FALSE,FALSE,FALSE,None,None,TRUE,FALSE,Left,FALSE,0,0,0,0,0,12,080,,
12081,5250,870,TRUE,TRUE,FALSE,FALSE,FALSE,FALSE,None,None,TRUE,FALSE,Left,FALSE,0,0,0,0,0,12,081,,
12082,4770,870,TRUE,TRUE,FALSE,FALSE,FALSE,FALSE,None,None,TRUE,FALSE,Left,FALSE,0,0,0,0,0,12,082,,
12083,4290,870,TRUE,TRUE,FALSE,FALSE,FALSE,FALSE,None,None,TRUE,FALSE,Left,FALSE,0,0,0,0,0,12,083,,
12084,3780,870,TRUE,TRUE,FALSE,FALSE,FALSE,FALSE,None,None,TRUE,FALSE,Left,FALSE,0,0,0,0,0,12,084,,
12085,3150,870,TRUE,TRUE,FALSE,FALSE,FALSE,FALSE,None,None,TRUE,FALSE,Left,FALSE,0,0,0,0,0,12,085,,
12086,2670,870,TRUE,TRUE,FALSE,FALSE,FALSE,FALSE,None,None,TRUE,FALSE,Left,FALSE,0,0,0,0,0,12,086,,
12087,2190,870,TRUE,TRUE,FALSE,FALSE,FALSE,FALSE,None,None,TRUE,FALSE,Left,FALSE,0,0,0,0,0,12,087,,
12088,1680,870,TRUE,TRUE,FALSE,FALSE,FALSE,FALSE,None,None,TRUE,FALSE,Left,FALSE,0,0,0,0,0,12,088,,
13089,1290,870,TRUE,TRUE,FALSE,FALSE,FALSE,FALSE,None,None,TRUE,FALSE,Left,FALSE,0,0,0,0,0,13,089,,
13090,780,870,TRUE,TRUE,FALSE,FALSE,FALSE,FALSE,None,None,TRUE,FALSE,Left,FALSE,0,0,0,0,0,13,090,,
10091,390,870,TRUE,TRUE,FALSE,FALSE,FALSE,FALSE,None,None,TRUE,FALSE,Left,FALSE,0,0,0,0,0,10,091,,
10092,30,1680,TRUE,TRUE,FALSE,FALSE,FALSE,FALSE,None,None,TRUE,FALSE,Left,FALSE,0,0,0,0,0,10,092,,
11093,30,3780,TRUE,TRUE,FALSE,FALSE,FALSE,FALSE,None,None,TRUE,FALSE,Left,FALSE,0,0,0,0,0,11,093,,
11094,30,5490,TRUE,TRUE,FALSE,FALSE,FALSE,FALSE,None,None,TRUE,FALSE,Left,FALSE,0,0,0,0,0,11,094,,
11095,30,7200,TRUE,TRUE,FALSE,FALSE,FALSE,FALSE,None,None,TRUE,FALSE,Left,FALSE,0,0,0,0,0,11,095,,
10096,30,9030,TRUE,TRUE,FALSE,FALSE,FALSE,FALSE,None,None,TRUE,FALSE,Left,FALSE,0,0,0,0,0,10,096,,
10097,30,12450,TRUE,TRUE,FALSE,FALSE,FALSE,FALSE,None,None,TRUE,FALSE,Left,FALSE,0,0,0,0,0,10,097,,
10098,900,9990,TRUE,TRUE,FALSE,FALSE,FALSE,FALSE,None,None,TRUE,FALSE,Left,FALSE,0,0,0,0,0,10,098,,
12099,1230,9990,TRUE,TRUE,FALSE,FALSE,FALSE,FALSE,None,None,TRUE,FALSE,Left,FALSE,0,0,0,0,0,12,099,,
12100,1710,9990,TRUE,TRUE,FALSE,FALSE,FALSE,FALSE,None,None,TRUE,FALSE,Left,FALSE,0,0,0,0,0,12,100,,
12101,2220,9990,TRUE,TRUE,FALSE,FALSE,FALSE,FALSE,None,None,TRUE,FALSE,Left,FALSE,0,0,0,0,0,12,101,,
12102,2700,9990,TRUE,TRUE,FALSE,FALSE,FALSE,FALSE,None,None,TRUE,FALSE,Left,FALSE,0,0,0,0,0,12,102,,
14103,3240,9990,TRUE,TRUE,FALSE,FALSE,FALSE,FALSE,None,None,TRUE,FALSE,Left,FALSE,0,0,0,0,0,14,103,,
14104,3750,9990,TRUE,TRUE,FALSE,FALSE,FALSE,FALSE,None,None,TRUE,FALSE,Left,FALSE,0,0,0,0,0,14,104,,
12105,4320,9990,TRUE,TRUE,FALSE,FALSE,FALSE,FALSE,None,None,TRUE,FALSE,Left,FALSE,0,0,0,0,0,12,105,,
12106,4800,9990,TRUE,TRUE,FALSE,FALSE,FALSE,FALSE,None,None,TRUE,FALSE,Left,FALSE,0,0,0,0,0,12,106,,
12107,5430,9990,TRUE,TRUE,FALSE,FALSE,FALSE,FALSE,None,None,TRUE,FALSE,Left,FALSE,0,0,0,0,0,12,107,,
12108,5910,9990,TRUE,TRUE,FALSE,FALSE,FALSE,FALSE,None,None,TRUE,FALSE,Left,FALSE,0,0,0,0,0,12,108,,
12109,6420,9990,TRUE,TRUE,FALSE,FALSE,FALSE,FALSE,None,None,TRUE,FALSE,Left,FALSE,0,0,0,0,0,12,109,,
12110,6900,9990,TRUE,TRUE,FALSE,FALSE,FALSE,FALSE,None,None,TRUE,FALSE,Left,FALSE,0,0,0,0,0,12,110,,
12111,7530,9990,TRUE,TRUE,FALSE,FALSE,FALSE,FALSE,None,None,TRUE,FALSE,Left,FALSE,0,0,0,0,0,12,111,,
12112,8010,9990,TRUE,TRUE,FALSE,FALSE,FALSE,FALSE,None,None,TRUE,FALSE,Left,FALSE,0,0,0,0,0,12,112,,
12113,8430,9990,TRUE,TRUE,FALSE,FALSE,FALSE,FALSE,None,None,TRUE,FALSE,Left,FALSE,0,0,0,0,0,12,113,,
12114,9000,9990,TRUE,TRUE,FALSE,FALSE,FALSE,FALSE,None,None,TRUE,FALSE,Left,FALSE,0,0,0,0,0,12,114,,
13115,9360,9990,TRUE,TRUE,FALSE,FALSE,FALSE,FALSE,None,None,TRUE,FALSE,Left,FALSE,0,0,0,0,0,13,115,,
13116,9870,9990,TRUE,TRUE,FALSE,FALSE,FALSE,FALSE,None,None,TRUE,FALSE,Left,FALSE,0,0,0,0,0,13,116,,
12117,10620,9990,TRUE,TRUE,FALSE,FALSE,FALSE,FALSE,None,None,TRUE,FALSE,Left,FALSE,0,0,0,0,0,12,117,,
12118,11100,9990,TRUE,TRUE,FALSE,FALSE,FALSE,FALSE,None,None,TRUE,FALSE,Left,FALSE,0,0,0,0,0,12,118,,
12119,11730,9990,TRUE,TRUE,FALSE,FALSE,FALSE,FALSE,None,None,TRUE,FALSE,Left,FALSE,0,0,0,0,0,12,119,,
12120,12210,9990,TRUE,TRUE,FALSE,FALSE,FALSE,FALSE,None,None,TRUE,FALSE,Left,FALSE,0,0,0,0,0,12,120,,
12121,12720,9990,TRUE,TRUE,FALSE,FALSE,FALSE,FALSE,None,None,TRUE,FALSE,Left,FALSE,0,0,0,0,0,12,121,,
12122,13200,9990,TRUE,TRUE,FALSE,FALSE,FALSE,FALSE,None,None,TRUE,FALSE,Left,FALSE,0,0,0,0,0,12,122,,
12123,13830,9990,TRUE,TRUE,FALSE,FALSE,FALSE,FALSE,None,None,TRUE,FALSE,Left,FALSE,0,0,0,0,0,12,123,,
12124,14310,9990,TRUE,TRUE,FALSE,FALSE,FALSE,FALSE,None,None,TRUE,FALSE,Left,FALSE,0,0,0,0,0,12,124,,
12125,14820,9990,TRUE,TRUE,FALSE,FALSE,FALSE,FALSE,None,None,TRUE,FALSE,Left,FALSE,0,0,0,0,0,12,125,,
14126,15540,9990,TRUE,TRUE,FALSE,FALSE,FALSE,FALSE,None,None,TRUE,FALSE,Left,FALSE,0,0,0,0,0,14,126,,
14127,16050,9990,TRUE,TRUE,FALSE,FALSE,FALSE,FALSE,None,None,TRUE,FALSE,Left,FALSE,0,0,0,0,0,14,127,,
10128,16260,9990,TRUE,TRUE,FALSE,FALSE,FALSE,FALSE,None,None,TRUE,FALSE,Left,FALSE,0,0,0,0,0,10,128,,
10129,18690,9990,TRUE,TRUE,FALSE,FALSE,FALSE,FALSE,None,None,TRUE,FALSE,Left,FALSE,0,0,0,0,0,10,129,,
12130,19260,9990,TRUE,TRUE,FALSE,FALSE,FALSE,FALSE,None,None,TRUE,FALSE,Left,FALSE,0,0,0,0,0,12,130,,
12131,19740,9990,TRUE,TRUE,FALSE,FALSE,FALSE,FALSE,None,None,TRUE,FALSE,Left,FALSE,0,0,0,0,0,12,131,,
12132,20250,9990,TRUE,TRUE,FALSE,FALSE,FALSE,FALSE,None,None,TRUE,FALSE,Left,FALSE,0,0,0,0,0,12,132,,
12133,20880,9990,TRUE,TRUE,FALSE,FALSE,FALSE,FALSE,None,None,TRUE,FALSE,Left,FALSE,0,0,0,0,0,12,133,,
13134,21630,9990,TRUE,TRUE,FALSE,FALSE,FALSE,FALSE,None,None,TRUE,FALSE,Left,FALSE,0,0,0,0,0,13,134,,
13135,22140,9990,TRUE,TRUE,FALSE,FALSE,FALSE,FALSE,None,None,TRUE,FALSE,Left,FALSE,0,0,0,0,0,13,135,,
10136,16920,8820,TRUE,TRUE,FALSE,FALSE,FALSE,FALSE,None,None,TRUE,FALSE,Left,FALSE,0,0,0,0,0,10,136,,
11137,16920,7320,TRUE,TRUE,FALSE,FALSE,FALSE,FALSE,None,None,TRUE,FALSE,Left,FALSE,0,0,0,0,0,11,137,,
11138,16920,5820,TRUE,TRUE,FALSE,FALSE,FALSE,FALSE,None,None,TRUE,FALSE,Left,FALSE,0,0,0,0,0,11,138,,
11139,16920,4320,TRUE,TRUE,FALSE,FALSE,FALSE,FALSE,None,None,TRUE,FALSE,Left,FALSE,0,0,0,0,0,11,139,,
10140,16920,1830,TRUE,TRUE,FALSE,FALSE,FALSE,FALSE,None,None,TRUE,FALSE,Left,FALSE,0,0,0,0,0,10,140,,
12141,20160,11970,TRUE,TRUE,FALSE,FALSE,FALSE,FALSE,None,None,TRUE,FALSE,Left,FALSE,0,0,0,0,0,12,141,,
12142,19530,11970,TRUE,TRUE,FALSE,FALSE,FALSE,FALSE,None,None,TRUE,FALSE,Left,FALSE,0,0,0,0,0,12,142,,
12143,19020,11970,TRUE,TRUE,FALSE,FALSE,FALSE,FALSE,None,None,TRUE,FALSE,Left,FALSE,0,0,0,0,0,12,143,,
12144,18540,11970,TRUE,TRUE,FALSE,FALSE,FALSE,FALSE,None,None,TRUE,FALSE,Left,FALSE,0,0,0,0,0,12,144,,
10145,18330,11970,TRUE,TRUE,FALSE,FALSE,FALSE,FALSE,None,None,TRUE,FALSE,Left,FALSE,0,0,0,0,0,10,145,,
10146,15420,11970,TRUE,TRUE,FALSE,FALSE,FALSE,FALSE,None,None,TRUE,FALSE,Left,FALSE,0,0,0,0,0,10,146,,
12147,14610,11970,TRUE,TRUE,FALSE,FALSE,FALSE,FALSE,None,None,TRUE,FALSE,Left,FALSE,0,0,0,0,0,12,147,,
12148,14130,11970,TRUE,TRUE,FALSE,FALSE,FALSE,FALSE,None,None,TRUE,FALSE,Left,FALSE,0,0,0,0,0,12,148,,
12149,13620,11970,TRUE,TRUE,FALSE,FALSE,FALSE,FALSE,None,None,TRUE,FALSE,Left,FALSE,0,0,0,0,0,12,149,,
12150,13140,11970,TRUE,TRUE,FALSE,FALSE,FALSE,FALSE,None,None,TRUE,FALSE,Left,FALSE,0,0,0,0,0,12,150,,
12151,12510,11970,TRUE,TRUE,FALSE,FALSE,FALSE,FALSE,None,None,TRUE,FALSE,Left,FALSE,0,0,0,0,0,12,151,,
14152,12030,11970,TRUE,TRUE,FALSE,FALSE,FALSE,FALSE,None,None,TRUE,FALSE,Left,FALSE,0,0,0,0,0,14,152,,
14153,11520,11970,TRUE,TRUE,FALSE,FALSE,FALSE,FALSE,None,None,TRUE,FALSE,Left,FALSE,0,0,0,0,0,14,153,,
12154,11040,11970,TRUE,TRUE,FALSE,FALSE,FALSE,FALSE,None,None,TRUE,FALSE,Left,FALSE,0,0,0,0,0,12,154,,
12155,10410,11970,TRUE,TRUE,FALSE,FALSE,FALSE,FALSE,None,None,TRUE,FALSE,Left,FALSE,0,0,0,0,0,12,155,,
12156,9930,11970,TRUE,TRUE,FALSE,FALSE,FALSE,FALSE,None,None,TRUE,FALSE,Left,FALSE,0,0,0,0,0,12,156,,
12157,9420,11970,TRUE,TRUE,FALSE,FALSE,FALSE,FALSE,None,None,TRUE,FALSE,Left,FALSE,0,0,0,0,0,12,157,,
12158,8940,11970,TRUE,TRUE,FALSE,FALSE,FALSE,FALSE,None,None,TRUE,FALSE,Left,FALSE,0,0,0,0,0,12,158,,
12159,8310,11970,TRUE,TRUE,FALSE,FALSE,FALSE,FALSE,None,None,TRUE,FALSE,Left,FALSE,0,0,0,0,0,12,159,,
12160,7830,11970,TRUE,TRUE,FALSE,FALSE,FALSE,FALSE,None,None,TRUE,FALSE,Left,FALSE,0,0,0,0,0,12,160,,
12161,7320,11970,TRUE,TRUE,FALSE,FALSE,FALSE,FALSE,None,None,TRUE,FALSE,Left,FALSE,0,0,0,0,0,12,161,,
12162,6840,11970,TRUE,TRUE,FALSE,FALSE,FALSE,FALSE,None,None,TRUE,FALSE,Left,FALSE,0,0,0,0,0,12,162,,
12163,6300,11970,TRUE,TRUE,FALSE,FALSE,FALSE,FALSE,None,None,TRUE,FALSE,Left,FALSE,0,0,0,0,0,12,163,,
12164,5730,11970,TRUE,TRUE,FALSE,FALSE,FALSE,FALSE,None,None,TRUE,FALSE,Left,FALSE,0,0,0,0,0,12,164,,
12165,5220,11970,TRUE,TRUE,FALSE,FALSE,FALSE,FALSE,None,None,TRUE,FALSE,Left,FALSE,0,0,0,0,0,12,165,,
12166,4740,11970,TRUE,TRUE,FALSE,FALSE,FALSE,FALSE,None,None,TRUE,FALSE,Left,FALSE,0,0,0,0,0,12,166,,
12167,4110,11970,TRUE,TRUE,FALSE,FALSE,FALSE,FALSE,None,None,TRUE,FALSE,Left,FALSE,0,0,0,0,0,12,167,,
12168,3630,11970,TRUE,TRUE,FALSE,FALSE,FALSE,FALSE,None,None,TRUE,FALSE,Left,FALSE,0,0,0,0,0,12,168,,
12169,3120,11970,TRUE,TRUE,FALSE,FALSE,FALSE,FALSE,None,None,TRUE,FALSE,Left,FALSE,0,0,0,0,0,12,169,,
12170,2640,11970,TRUE,TRUE,FALSE,FALSE,FALSE,FALSE,None,None,TRUE,FALSE,Left,FALSE,0,0,0,0,0,12,170,,
12171,2010,11970,TRUE,TRUE,FALSE,FALSE,FALSE,FALSE,None,None,TRUE,FALSE,Left,FALSE,0,0,0,0,0,12,171,,
12172,1530,11970,TRUE,TRUE,FALSE,FALSE,FALSE,FALSE,None,None,TRUE,FALSE,Left,FALSE,0,0,0,0,0,12,172,,
13173,1260,11970,TRUE,TRUE,FALSE,FALSE,FALSE,FALSE,None,None,TRUE,FALSE,Left,FALSE,0,0,0,0,0,13,173,,
13174,750,11970,TRUE,TRUE,FALSE,FALSE,FALSE,FALSE,None,None,TRUE,FALSE,Left,FALSE,0,0,0,0,0,13,174,,
10175,0,13500,TRUE,TRUE,FALSE,FALSE,FALSE,FALSE,None,None,TRUE,FALSE,Left,FALSE,0,0,0,0,0,10,175,,
11176,0,15750,TRUE,TRUE,FALSE,FALSE,FALSE,FALSE,None,None,TRUE,FALSE,Left,FALSE,0,0,0,0,0,11,176,,
10177,0,17940,TRUE,TRUE,FALSE,FALSE,FALSE,FALSE,None,None,TRUE,FALSE,Left,FALSE,0,0,0,0,0,10,177,,
10178,870,18900,TRUE,TRUE,FALSE,FALSE,FALSE,FALSE,None,None,TRUE,FALSE,Left,FALSE,0,0,0,0,0,10,178,,
12179,1200,18900,TRUE,TRUE,FALSE,FALSE,FALSE,FALSE,None,None,TRUE,FALSE,Left,FALSE,0,0,0,0,0,12,179,,
12180,1680,18900,TRUE,TRUE,FALSE,FALSE,FALSE,FALSE,None,None,TRUE,FALSE,Left,FALSE,0,0,0,0,0,12,180,,
12181,2190,18900,TRUE,TRUE,FALSE,FALSE,FALSE,FALSE,None,None,TRUE,FALSE,Left,FALSE,0,0,0,0,0,12,181,,
12182,2610,18900,TRUE,TRUE,FALSE,FALSE,FALSE,FALSE,None,None,TRUE,FALSE,Left,FALSE,0,0,0,0,0,12,182,,
14183,3210,18900,TRUE,TRUE,FALSE,FALSE,FALSE,FALSE,None,None,TRUE,FALSE,Left,FALSE,0,0,0,0,0,14,183,,
14184,3720,18900,TRUE,TRUE,FALSE,FALSE,FALSE,FALSE,None,None,TRUE,FALSE,Left,FALSE,0,0,0,0,0,14,184,,
12185,4290,18900,TRUE,TRUE,FALSE,FALSE,FALSE,FALSE,None,None,TRUE,FALSE,Left,FALSE,0,0,0,0,0,12,185,,
12186,4770,18900,TRUE,TRUE,FALSE,FALSE,FALSE,FALSE,None,None,TRUE,FALSE,Left,FALSE,0,0,0,0,0,12,186,,
12187,5400,18900,TRUE,TRUE,FALSE,FALSE,FALSE,FALSE,None,None,TRUE,FALSE,Left,FALSE,0,0,0,0,0,12,187,,
12188,5880,18900,TRUE,TRUE,FALSE,FALSE,FALSE,FALSE,None,None,TRUE,FALSE,Left,FALSE,0,0,0,0,0,12,188,,
12189,6390,18900,TRUE,TRUE,FALSE,FALSE,FALSE,FALSE,None,None,TRUE,FALSE,Left,FALSE,0,0,0,0,0,12,189,,
12190,6870,18900,TRUE,TRUE,FALSE,FALSE,FALSE,FALSE,None,None,TRUE,FALSE,Left,FALSE,0,0,0,0,0,12,190,,
12191,7500,18900,TRUE,TRUE,FALSE,FALSE,FALSE,FALSE,None,None,TRUE,FALSE,Left,FALSE,0,0,0,0,0,12,191,,
12192,7980,18900,TRUE,TRUE,FALSE,FALSE,FALSE,FALSE,None,None,TRUE,FALSE,Left,FALSE,0,0,0,0,0,12,192,,
12193,8490,18900,TRUE,TRUE,FALSE,FALSE,FALSE,FALSE,None,None,TRUE,FALSE,Left,FALSE,0,0,0,0,0,12,193,,
12194,8970,18900,TRUE,TRUE,FALSE,FALSE,FALSE,FALSE,None,None,TRUE,FALSE,Left,FALSE,0,0,0,0,0,12,194,,
13195,9330,18900,TRUE,TRUE,FALSE,FALSE,FALSE,FALSE,None,None,TRUE,FALSE,Left,FALSE,0,0,0,0,0,13,195,,
13196,9840,18900,TRUE,TRUE,FALSE,FALSE,FALSE,FALSE,None,None,TRUE,FALSE,Left,FALSE,0,0,0,0,0,13,196,,
12197,10590,18900,TRUE,TRUE,FALSE,FALSE,FALSE,FALSE,None,None,TRUE,FALSE,Left,FALSE,0,0,0,0,0,12,197,,
12198,11070,18900,TRUE,TRUE,FALSE,FALSE,FALSE,FALSE,None,None,TRUE,FALSE,Left,FALSE,0,0,0,0,0,12,198,,
12199,11700,18900,TRUE,TRUE,FALSE,FALSE,FALSE,FALSE,None,None,TRUE,FALSE,Left,FALSE,0,0,0,0,0,12,199,,
12200,12180,18900,TRUE,TRUE,FALSE,FALSE,FALSE,FALSE,None,None,TRUE,FALSE,Left,FALSE,0,0,0,0,0,12,200,,
12201,12690,18900,TRUE,TRUE,FALSE,FALSE,FALSE,FALSE,None,None,TRUE,FALSE,Left,FALSE,0,0,0,0,0,12,201,,
12202,13170,18900,TRUE,TRUE,FALSE,FALSE,FALSE,FALSE,None,None,TRUE,FALSE,Left,FALSE,0,0,0,0,0,12,202,,
12203,13800,18900,TRUE,TRUE,FALSE,FALSE,FALSE,FALSE,None,None,TRUE,FALSE,Left,FALSE,0,0,0,0,0,12,203,,
12204,14280,18900,TRUE,TRUE,FALSE,FALSE,FALSE,FALSE,None,None,TRUE,FALSE,Left,FALSE,0,0,0,0,0,12,204,,
12205,14790,18900,TRUE,TRUE,FALSE,FALSE,FALSE,FALSE,None,None,TRUE,FALSE,Left,FALSE,0,0,0,0,0,12,205,,
13206,15510,18900,TRUE,TRUE,FALSE,FALSE,FALSE,FALSE,None,None,TRUE,FALSE,Left,FALSE,0,0,0,0,0,13,206,,
13207,16020,18900,TRUE,TRUE,FALSE,FALSE,FALSE,FALSE,None,None,TRUE,FALSE,Left,FALSE,0,0,0,0,0,13,207,,
10208,16230,18900,TRUE,TRUE,FALSE,FALSE,FALSE,FALSE,None,None,TRUE,FALSE,Left,FALSE,0,0,0,0,0,10,208,,
10209,18210,18900,TRUE,TRUE,FALSE,FALSE,FALSE,FALSE,None,None,TRUE,FALSE,Left,FALSE,0,0,0,0,0,10,209,,
12210,18750,18900,TRUE,TRUE,FALSE,FALSE,FALSE,FALSE,None,None,TRUE,FALSE,Left,FALSE,0,0,0,0,0,12,210,,
12211,19230,18900,TRUE,TRUE,FALSE,FALSE,FALSE,FALSE,None,None,TRUE,FALSE,Left,FALSE,0,0,0,0,0,12,211,,
12212,19740,18900,TRUE,TRUE,FALSE,FALSE,FALSE,FALSE,None,None,TRUE,FALSE,Left,FALSE,0,0,0,0,0,12,212,,
12213,20220,18900,TRUE,TRUE,FALSE,FALSE,FALSE,FALSE,None,None,TRUE,FALSE,Left,FALSE,0,0,0,0,0,12,213,,
13214,21660,18900,TRUE,TRUE,FALSE,FALSE,FALSE,FALSE,None,None,TRUE,FALSE,Left,FALSE,0,0,0,0,0,13,214,,
13215,22170,18900,TRUE,TRUE,FALSE,FALSE,FALSE,FALSE,None,None,TRUE,FALSE,Left,FALSE,0,0,0,0,0,13,215,,
10216,15570,20070,TRUE,TRUE,FALSE,FALSE,FALSE,FALSE,None,None,TRUE,FALSE,Left,FALSE,0,0,0,0,0,10,216,,
11217,15570,18360,TRUE,TRUE,FALSE,FALSE,FALSE,FALSE,None,None,TRUE,FALSE,Left,FALSE,0,0,0,0,0,11,217,,
11218,15570,16650,TRUE,TRUE,FALSE,FALSE,FALSE,FALSE,None,None,TRUE,FALSE,Left,FALSE,0,0,0,0,0,11,218,,
10219,15570,15240,TRUE,TRUE,FALSE,FALSE,FALSE,FALSE,None,None,TRUE,FALSE,Left,FALSE,0,0,0,0,0,10,219,,
10220,21540,22530,TRUE,TRUE,FALSE,FALSE,FALSE,FALSE,None,None,TRUE,FALSE,Left,FALSE,0,0,0,0,0,10,220,,
12221,21060,22530,TRUE,TRUE,FALSE,FALSE,FALSE,FALSE,None,None,TRUE,FALSE,Left,FALSE,0,0,0,0,0,12,221,,
12222,20550,22530,TRUE,TRUE,FALSE,FALSE,FALSE,FALSE,None,None,TRUE,FALSE,Left,FALSE,0,0,0,0,0,12,222,,
12223,20070,22530,TRUE,TRUE,FALSE,FALSE,FALSE,FALSE,None,None,TRUE,FALSE,Left,FALSE,0,0,0,0,0,12,223,,
12224,19590,22530,TRUE,TRUE,FALSE,FALSE,FALSE,FALSE,None,None,TRUE,FALSE,Left,FALSE,0,0,0,0,0,12,224,,
12225,18960,22530,TRUE,TRUE,FALSE,FALSE,FALSE,FALSE,None,None,TRUE,FALSE,Left,FALSE,0,0,0,0,0,12,225,,
12226,18450,22530,TRUE,TRUE,FALSE,FALSE,FALSE,FALSE,None,None,TRUE,FALSE,Left,FALSE,0,0,0,0,0,12,226,,
12227,17970,22530,TRUE,TRUE,FALSE,FALSE,FALSE,FALSE,None,None,TRUE,FALSE,Left,FALSE,0,0,0,0,0,12,227,,
12228,17490,22530,TRUE,TRUE,FALSE,FALSE,FALSE,FALSE,None,None,TRUE,FALSE,Left,FALSE,0,0,0,0,0,12,228,,
12229,16860,22530,TRUE,TRUE,FALSE,FALSE,FALSE,FALSE,None,None,TRUE,FALSE,Left,FALSE,0,0,0,0,0,12,229,,
12230,16350,22530,TRUE,TRUE,FALSE,FALSE,FALSE,FALSE,None,None,TRUE,FALSE,Left,FALSE,0,0,0,0,0,12,230,,
12231,15870,22530,TRUE,TRUE,FALSE,FALSE,FALSE,FALSE,None,None,TRUE,FALSE,Left,FALSE,0,0,0,0,0,12,231,,
12232,15390,22530,TRUE,TRUE,FALSE,FALSE,FALSE,FALSE,None,None,TRUE,FALSE,Left,FALSE,0,0,0,0,0,12,232,,
12233,14760,22530,TRUE,TRUE,FALSE,FALSE,FALSE,FALSE,None,None,TRUE,FALSE,Left,FALSE,0,0,0,0,0,12,233,,
12234,14250,22530,TRUE,TRUE,FALSE,FALSE,FALSE,FALSE,None,None,TRUE,FALSE,Left,FALSE,0,0,0,0,0,12,234,,
14235,13800,22530,TRUE,TRUE,FALSE,FALSE,FALSE,FALSE,None,None,TRUE,FALSE,Left,FALSE,0,0,0,0,0,14,235,,
14236,13290,22530,TRUE,TRUE,FALSE,FALSE,FALSE,FALSE,None,None,TRUE,FALSE,Left,FALSE,0,0,0,0,0,14,236,,
12237,12660,22530,TRUE,TRUE,FALSE,FALSE,FALSE,FALSE,None,None,TRUE,FALSE,Left,FALSE,0,0,0,0,0,12,237,,
12238,12150,22530,TRUE,TRUE,FALSE,FALSE,FALSE,FALSE,None,None,TRUE,FALSE,Left,FALSE,0,0,0,0,0,12,238,,
12239,11670,22530,TRUE,TRUE,FALSE,FALSE,FALSE,FALSE,None,None,TRUE,FALSE,Left,FALSE,0,0,0,0,0,12,239,,
12240,11190,22530,TRUE,TRUE,FALSE,FALSE,FALSE,FALSE,None,None,TRUE,FALSE,Left,FALSE,0,0,0,0,0,12,240,,
14241,10560,22530,TRUE,TRUE,FALSE,FALSE,FALSE,FALSE,None,None,TRUE,FALSE,Left,FALSE,0,0,0,0,0,14,241,,
14242,10050,22530,TRUE,TRUE,FALSE,FALSE,FALSE,FALSE,None,None,TRUE,FALSE,Left,FALSE,0,0,0,0,0,14,242,,
12243,9570,22530,TRUE,TRUE,FALSE,FALSE,FALSE,FALSE,None,None,TRUE,FALSE,Left,FALSE,0,0,0,0,0,12,243,,
12244,9090,22530,TRUE,TRUE,FALSE,FALSE,FALSE,FALSE,None,None,TRUE,FALSE,Left,FALSE,0,0,0,0,0,12,244,,
12245,8460,22530,TRUE,TRUE,FALSE,FALSE,FALSE,FALSE,None,None,TRUE,FALSE,Left,FALSE,0,0,0,0,0,12,245,,
12246,7950,22530,TRUE,TRUE,FALSE,FALSE,FALSE,FALSE,None,None,TRUE,FALSE,Left,FALSE,0,0,0,0,0,12,246,,
12247,7470,22530,TRUE,TRUE,FALSE,FALSE,FALSE,FALSE,None,None,TRUE,FALSE,Left,FALSE,0,0,0,0,0,12,247,,
12248,6990,22530,TRUE,TRUE,FALSE,FALSE,FALSE,FALSE,None,None,TRUE,FALSE,Left,FALSE,0,0,0,0,0,12,248,,
12249,6360,22530,TRUE,TRUE,FALSE,FALSE,FALSE,FALSE,None,None,TRUE,FALSE,Left,FALSE,0,0,0,0,0,12,249,,
12250,5850,22530,TRUE,TRUE,FALSE,FALSE,FALSE,FALSE,None,None,TRUE,FALSE,Left,FALSE,0,0,0,0,0,12,250,,
12251,5370,22530,TRUE,TRUE,FALSE,FALSE,FALSE,FALSE,None,None,TRUE,FALSE,Left,FALSE,0,0,0,0,0,12,251,,
12252,4890,22530,TRUE,TRUE,FALSE,FALSE,FALSE,FALSE,None,None,TRUE,FALSE,Left,FALSE,0,0,0,0,0,12,252,,
12253,4260,22530,TRUE,TRUE,FALSE,FALSE,FALSE,FALSE,None,None,TRUE,FALSE,Left,FALSE,0,0,0,0,0,12,253,,
12254,3750,22530,TRUE,TRUE,FALSE,FALSE,FALSE,FALSE,None,None,TRUE,FALSE,Left,FALSE,0,0,0,0,0,12,254,,
12255,3270,22530,TRUE,TRUE,FALSE,FALSE,FALSE,FALSE,None,None,TRUE,FALSE,Left,FALSE,0,0,0,0,0,12,255,,
14256,2790,22530,TRUE,TRUE,FALSE,FALSE,FALSE,FALSE,None,None,TRUE,FALSE,Left,FALSE,0,0,0,0,0,14,256,,
14257,2160,22530,TRUE,TRUE,FALSE,FALSE,FALSE,FALSE,None,None,TRUE,FALSE,Left,FALSE,0,0,0,0,0,14,257,,
12258,1650,22530,TRUE,TRUE,FALSE,FALSE,FALSE,FALSE,None,None,TRUE,FALSE,Left,FALSE,0,0,0,0,0,12,258,,
12259,1170,22530,TRUE,TRUE,FALSE,FALSE,FALSE,FALSE,None,None,TRUE,FALSE,Left,FALSE,0,0,0,0,0,12,259,,
12260,690,22530,TRUE,TRUE,FALSE,FALSE,FALSE,FALSE,None,None,TRUE,FALSE,Left,FALSE,0,0,0,0,0,12,260,,
10261,120,24060,TRUE,TRUE,FALSE,FALSE,FALSE,FALSE,None,None,TRUE,FALSE,Left,FALSE,0,0,0,0,0,10,261,,
11262,120,25110,TRUE,TRUE,FALSE,FALSE,FALSE,FALSE,None,None,TRUE,FALSE,Left,FALSE,0,0,0,0,0,11,262,,
10263,120,26070,TRUE,TRUE,FALSE,FALSE,FALSE,FALSE,None,None,TRUE,FALSE,Left,FALSE,0,0,0,0,0,10,263,,
10264,120,28680,TRUE,TRUE,FALSE,FALSE,FALSE,FALSE,None,None,TRUE,FALSE,Left,FALSE,0,0,0,0,0,10,264,,
10265,1020,27000,TRUE,TRUE,FALSE,FALSE,FALSE,FALSE,None,None,TRUE,FALSE,Left,FALSE,0,0,0,0,0,10,265,,
12266,1350,27000,TRUE,TRUE,FALSE,FALSE,FALSE,FALSE,None,None,TRUE,FALSE,Left,FALSE,0,0,0,0,0,12,266,,
14267,1830,27000,TRUE,TRUE,FALSE,FALSE,FALSE,FALSE,None,None,TRUE,FALSE,Left,FALSE,0,0,0,0,0,14,267,,
14268,2310,27000,TRUE,TRUE,FALSE,FALSE,FALSE,FALSE,None,None,TRUE,FALSE,Left,FALSE,0,0,0,0,0,14,268,,
12269,2820,27000,TRUE,TRUE,FALSE,FALSE,FALSE,FALSE,None,None,TRUE,FALSE,Left,FALSE,0,0,0,0,0,12,269,,
12270,3450,27000,TRUE,TRUE,FALSE,FALSE,FALSE,FALSE,None,None,TRUE,FALSE,Left,FALSE,0,0,0,0,0,12,270,,
12271,3930,27000,TRUE,TRUE,FALSE,FALSE,FALSE,FALSE,None,None,TRUE,FALSE,Left,FALSE,0,0,0,0,0,12,271,,
12272,4410,27000,TRUE,TRUE,FALSE,FALSE,FALSE,FALSE,None,None,TRUE,FALSE,Left,FALSE,0,0,0,0,0,12,272,,
12273,4920,27000,TRUE,TRUE,FALSE,FALSE,FALSE,FALSE,None,None,TRUE,FALSE,Left,FALSE,0,0,0,0,0,12,273,,
14274,5220,27000,TRUE,TRUE,FALSE,FALSE,FALSE,FALSE,None,None,TRUE,FALSE,Left,FALSE,0,0,0,0,0,14,274,,
14275,5760,27000,TRUE,TRUE,FALSE,FALSE,FALSE,FALSE,None,None,TRUE,FALSE,Left,FALSE,0,0,0,0,0,14,275,,
12276,5940,27000,TRUE,TRUE,FALSE,FALSE,FALSE,FALSE,None,None,TRUE,FALSE,Left,FALSE,0,0,0,0,0,12,276,,
12277,6510,27000,TRUE,TRUE,FALSE,FALSE,FALSE,FALSE,None,None,TRUE,FALSE,Left,FALSE,0,0,0,0,0,12,277,,
12278,7020,27000,TRUE,TRUE,FALSE,FALSE,FALSE,FALSE,None,None,TRUE,FALSE,Left,FALSE,0,0,0,0,0,12,278,,
12279,7650,27000,TRUE,TRUE,FALSE,FALSE,FALSE,FALSE,None,None,TRUE,FALSE,Left,FALSE,0,0,0,0,0,12,279,,
12280,8130,27000,TRUE,TRUE,FALSE,FALSE,FALSE,FALSE,None,None,TRUE,FALSE,Left,FALSE,0,0,0,0,0,12,280,,
14281,8520,27000,TRUE,TRUE,FALSE,FALSE,FALSE,FALSE,None,None,TRUE,FALSE,Left,FALSE,0,0,0,0,0,14,281,,
14282,9060,27000,TRUE,TRUE,FALSE,FALSE,FALSE,FALSE,None,None,TRUE,FALSE,Left,FALSE,0,0,0,0,0,14,282,,
12283,9750,27000,TRUE,TRUE,FALSE,FALSE,FALSE,FALSE,None,None,TRUE,FALSE,Left,FALSE,0,0,0,0,0,12,283,,
12284,10230,27000,TRUE,TRUE,FALSE,FALSE,FALSE,FALSE,None,None,TRUE,FALSE,Left,FALSE,0,0,0,0,0,12,284,,
12285,10710,27000,TRUE,TRUE,FALSE,FALSE,FALSE,FALSE,None,None,TRUE,FALSE,Left,FALSE,0,0,0,0,0,12,285,,
12286,11220,27000,TRUE,TRUE,FALSE,FALSE,FALSE,FALSE,None,None,TRUE,FALSE,Left,FALSE,0,0,0,0,0,12,286,,
14287,11820,27000,TRUE,TRUE,FALSE,FALSE,FALSE,FALSE,None,None,TRUE,FALSE,Left,FALSE,0,0,0,0,0,14,287,,
14288,12330,27000,TRUE,TRUE,FALSE,FALSE,FALSE,FALSE,None,None,TRUE,FALSE,Left,FALSE,0,0,0,0,0,14,288,,
12289,12810,27000,TRUE,TRUE,FALSE,FALSE,FALSE,FALSE,None,None,TRUE,FALSE,Left,FALSE,0,0,0,0,0,12,289,,
12290,13320,27000,TRUE,TRUE,FALSE,FALSE,FALSE,FALSE,None,None,TRUE,FALSE,Left,FALSE,0,0,0,0,0,12,290,,
12291,13950,27000,TRUE,TRUE,FALSE,FALSE,FALSE,FALSE,None,None,TRUE,FALSE,Left,FALSE,0,0,0,0,0,12,291,,
12292,14430,27000,TRUE,TRUE,FALSE,FALSE,FALSE,FALSE,None,None,TRUE,FALSE,Left,FALSE,0,0,0,0,0,12,292,,
14293,15120,27000,TRUE,TRUE,FALSE,FALSE,FALSE,FALSE,None,None,TRUE,FALSE,Left,FALSE,0,0,0,0,0,14,293,,
13294,15660,27000,TRUE,TRUE,FALSE,FALSE,FALSE,FALSE,None,None,TRUE,FALSE,Left,FALSE,0,0,0,0,0,13,294,,
12295,16050,27000,TRUE,TRUE,FALSE,FALSE,FALSE,FALSE,None,None,TRUE,FALSE,Left,FALSE,0,0,0,0,0,12,295,,
12296,16530,27000,TRUE,TRUE,FALSE,FALSE,FALSE,FALSE,None,None,TRUE,FALSE,Left,FALSE,0,0,0,0,0,12,296,,
12297,17010,27000,TRUE,TRUE,FALSE,FALSE,FALSE,FALSE,None,None,TRUE,FALSE,Left,FALSE,0,0,0,0,0,12,297,,
12298,17520,27000,TRUE,TRUE,FALSE,FALSE,FALSE,FALSE,None,None,TRUE,FALSE,Left,FALSE,0,0,0,0,0,12,298,,
12299,18150,27000,TRUE,TRUE,FALSE,FALSE,FALSE,FALSE,None,None,TRUE,FALSE,Left,FALSE,0,0,0,0,0,12,299,,
14300,18390,27000,TRUE,TRUE,FALSE,FALSE,FALSE,FALSE,None,None,TRUE,FALSE,Left,FALSE,0,0,0,0,0,14,300,,
14301,18960,27000,TRUE,TRUE,FALSE,FALSE,FALSE,FALSE,None,None,TRUE,FALSE,Left,FALSE,0,0,0,0,0,14,301,,
12302,19620,27000,TRUE,TRUE,FALSE,FALSE,FALSE,FALSE,None,None,TRUE,FALSE,Left,FALSE,0,0,0,0,0,12,302,,
12303,20250,27000,TRUE,TRUE,FALSE,FALSE,FALSE,FALSE,None,None,TRUE,FALSE,Left,FALSE,0,0,0,0,0,12,303,,
12304,20730,27000,TRUE,TRUE,FALSE,FALSE,FALSE,FALSE,None,None,TRUE,FALSE,Left,FALSE,0,0,0,0,0,12,304,,
12305,21210,27000,TRUE,TRUE,FALSE,FALSE,FALSE,FALSE,None,None,TRUE,FALSE,Left,FALSE,0,0,0,0,0,12,305,,
14306,21690,27000,TRUE,TRUE,FALSE,FALSE,FALSE,FALSE,None,None,TRUE,FALSE,Left,FALSE,0,0,0,0,0,14,306,,
13307,22260,27000,TRUE,TRUE,FALSE,FALSE,FALSE,FALSE,None,None,TRUE,FALSE,Left,FALSE,0,0,0,0,0,13,307,,
10308,21540,30450,TRUE,TRUE,FALSE,FALSE,FALSE,FALSE,None,None,TRUE,FALSE,Left,FALSE,0,0,0,0,0,10,308,,
12309,21060,30450,TRUE,TRUE,FALSE,FALSE,FALSE,FALSE,None,None,TRUE,FALSE,Left,FALSE,0,0,0,0,0,12,309,,
12310,20550,30450,TRUE,TRUE,FALSE,FALSE,FALSE,FALSE,None,None,TRUE,FALSE,Left,FALSE,0,0,0,0,0,12,310,,
12311,20070,30450,TRUE,TRUE,FALSE,FALSE,FALSE,FALSE,None,None,TRUE,FALSE,Left,FALSE,0,0,0,0,0,12,311,,
12312,19590,30450,TRUE,TRUE,FALSE,FALSE,FALSE,FALSE,None,None,TRUE,FALSE,Left,FALSE,0,0,0,0,0,12,312,,
12313,18960,30450,TRUE,TRUE,FALSE,FALSE,FALSE,FALSE,None,None,TRUE,FALSE,Left,FALSE,0,0,0,0,0,12,313,,
12314,18450,30450,TRUE,TRUE,FALSE,FALSE,FALSE,FALSE,None,None,TRUE,FALSE,Left,FALSE,0,0,0,0,0,12,314,,
14315,18060,30450,TRUE,TRUE,FALSE,FALSE,FALSE,FALSE,None,None,TRUE,FALSE,Left,FALSE,0,0,0,0,0,14,315,,
14316,17490,30450,TRUE,TRUE,FALSE,FALSE,FALSE,FALSE,None,None,TRUE,FALSE,Left,FALSE,0,0,0,0,0,14,316,,
12317,16860,30450,TRUE,TRUE,FALSE,FALSE,FALSE,FALSE,None,None,TRUE,FALSE,Left,FALSE,0,0,0,0,0,12,317,,
12318,16350,30450,TRUE,TRUE,FALSE,FALSE,FALSE,FALSE,None,None,TRUE,FALSE,Left,FALSE,0,0,0,0,0,12,318,,
12319,15870,30450,TRUE,TRUE,FALSE,FALSE,FALSE,FALSE,None,None,TRUE,FALSE,Left,FALSE,0,0,0,0,0,12,319,,
12320,15390,30450,TRUE,TRUE,FALSE,FALSE,FALSE,FALSE,None,None,TRUE,FALSE,Left,FALSE,0,0,0,0,0,12,320,,
14321,14760,30450,TRUE,TRUE,FALSE,FALSE,FALSE,FALSE,None,None,TRUE,FALSE,Left,FALSE,0,0,0,0,0,14,321,,
14322,14250,30450,TRUE,TRUE,FALSE,FALSE,FALSE,FALSE,None,None,TRUE,FALSE,Left,FALSE,0,0,0,0,0,14,322,,
12323,13770,30450,TRUE,TRUE,FALSE,FALSE,FALSE,FALSE,None,None,TRUE,FALSE,Left,FALSE,0,0,0,0,0,12,323,,
12324,13290,30450,TRUE,TRUE,FALSE,FALSE,FALSE,FALSE,None,None,TRUE,FALSE,Left,FALSE,0,0,0,0,0,12,324,,
12325,12660,30450,TRUE,TRUE,FALSE,FALSE,FALSE,FALSE,None,None,TRUE,FALSE,Left,FALSE,0,0,0,0,0,12,325,,
12326,12150,30450,TRUE,TRUE,FALSE,FALSE,FALSE,FALSE,None,None,TRUE,FALSE,Left,FALSE,0,0,0,0,0,12,326,,
14327,11460,30450,TRUE,TRUE,FALSE,FALSE,FALSE,FALSE,None,None,TRUE,FALSE,Left,FALSE,0,0,0,0,0,14,327,,
13328,10890,30450,TRUE,TRUE,FALSE,FALSE,FALSE,FALSE,None,None,TRUE,FALSE,Left,FALSE,0,0,0,0,0,13,328,,
12329,10560,30450,TRUE,TRUE,FALSE,FALSE,FALSE,FALSE,None,None,TRUE,FALSE,Left,FALSE,0,0,0,0,0,12,329,,
12330,10050,30450,TRUE,TRUE,FALSE,FALSE,FALSE,FALSE,None,None,TRUE,FALSE,Left,FALSE,0,0,0,0,0,12,330,,
12331,9570,30450,TRUE,TRUE,FALSE,FALSE,FALSE,FALSE,None,None,TRUE,FALSE,Left,FALSE,0,0,0,0,0,12,331,,
12332,9090,30450,TRUE,TRUE,FALSE,FALSE,FALSE,FALSE,None,None,TRUE,FALSE,Left,FALSE,0,0,0,0,0,12,332,,
12333,8460,30450,TRUE,TRUE,FALSE,FALSE,FALSE,FALSE,None,None,TRUE,FALSE,Left,FALSE,0,0,0,0,0,12,333,,
14334,8160,30450,TRUE,TRUE,FALSE,FALSE,FALSE,FALSE,None,None,TRUE,FALSE,Left,FALSE,0,0,0,0,0,14,334,,
14335,7590,30450,TRUE,TRUE,FALSE,FALSE,FALSE,FALSE,None,None,TRUE,FALSE,Left,FALSE,0,0,0,0,0,14,335,,
12336,6990,30450,TRUE,TRUE,FALSE,FALSE,FALSE,FALSE,None,None,TRUE,FALSE,Left,FALSE,0,0,0,0,0,12,336,,
12337,6360,30450,TRUE,TRUE,FALSE,FALSE,FALSE,FALSE,None,None,TRUE,FALSE,Left,FALSE,0,0,0,0,0,12,337,,
12338,5850,30450,TRUE,TRUE,FALSE,FALSE,FALSE,FALSE,None,None,TRUE,FALSE,Left,FALSE,0,0,0,0,0,12,338,,
12339,5370,30450,TRUE,TRUE,FALSE,FALSE,FALSE,FALSE,None,None,TRUE,FALSE,Left,FALSE,0,0,0,0,0,12,339,,
14340,4860,30450,TRUE,TRUE,FALSE,FALSE,FALSE,FALSE,None,None,TRUE,FALSE,Left,FALSE,0,0,0,0,0,14,340,,
14341,4290,30450,TRUE,TRUE,FALSE,FALSE,FALSE,FALSE,None,None,TRUE,FALSE,Left,FALSE,0,0,0,0,0,14,341,,
12342,3750,30450,TRUE,TRUE,FALSE,FALSE,FALSE,FALSE,None,None,TRUE,FALSE,Left,FALSE,0,0,0,0,0,12,342,,
12343,3270,30450,TRUE,TRUE,FALSE,FALSE,FALSE,FALSE,None,None,TRUE,FALSE,Left,FALSE,0,0,0,0,0,12,343,,
12344,2790,30450,TRUE,TRUE,FALSE,FALSE,FALSE,FALSE,None,None,TRUE,FALSE,Left,FALSE,0,0,0,0,0,12,344,,
12345,2160,30450,TRUE,TRUE,FALSE,FALSE,FALSE,FALSE,None,None,TRUE,FALSE,Left,FALSE,0,0,0,0,0,12,345,,
14346,1650,30450,TRUE,TRUE,FALSE,FALSE,FALSE,FALSE,None,None,TRUE,FALSE,Left,FALSE,0,0,0,0,0,14,346,,
14347,1170,30450,TRUE,TRUE,FALSE,FALSE,FALSE,FALSE,None,None,TRUE,FALSE,Left,FALSE,0,0,0,0,0,14,347,,
12348,690,30450,TRUE,TRUE,FALSE,FALSE,FALSE,FALSE,None,None,TRUE,FALSE,Left,FALSE,0,0,0,0,0,12,348,,
10349,120,31980,TRUE,TRUE,FALSE,FALSE,FALSE,FALSE,None,None,TRUE,FALSE,Left,FALSE,0,0,0,0,0,10,349,,
11350,120,32940,TRUE,TRUE,FALSE,FALSE,FALSE,FALSE,None,None,TRUE,FALSE,Left,FALSE,0,0,0,0,0,11,350,,
10351,120,33900,TRUE,TRUE,FALSE,FALSE,FALSE,FALSE,None,None,TRUE,FALSE,Left,FALSE,0,0,0,0,0,10,351,,
10352,120,36210,TRUE,TRUE,FALSE,FALSE,FALSE,FALSE,None,None,TRUE,FALSE,Left,FALSE,0,0,0,0,0,10,352,,
10353,1020,34860,TRUE,TRUE,FALSE,FALSE,FALSE,FALSE,None,None,TRUE,FALSE,Left,FALSE,0,0,0,0,0,10,353,,
12354,1350,34860,TRUE,TRUE,FALSE,FALSE,FALSE,FALSE,None,None,TRUE,FALSE,Left,FALSE,0,0,0,0,0,12,354,,
12355,1830,34860,TRUE,TRUE,FALSE,FALSE,FALSE,FALSE,None,None,TRUE,FALSE,Left,FALSE,0,0,0,0,0,12,355,,
12356,2310,34860,TRUE,TRUE,FALSE,FALSE,FALSE,FALSE,None,None,TRUE,FALSE,Left,FALSE,0,0,0,0,0,12,356,,
12357,2820,34860,TRUE,TRUE,FALSE,FALSE,FALSE,FALSE,None,None,TRUE,FALSE,Left,FALSE,0,0,0,0,0,12,357,,
12358,3450,34860,TRUE,TRUE,FALSE,FALSE,FALSE,FALSE,None,None,TRUE,FALSE,Left,FALSE,0,0,0,0,0,12,358,,
14359,3930,34860,TRUE,TRUE,FALSE,FALSE,FALSE,FALSE,None,None,TRUE,FALSE,Left,FALSE,0,0,0,0,0,14,359,,
14360,4470,34860,TRUE,TRUE,FALSE,FALSE,FALSE,FALSE,None,None,TRUE,FALSE,Left,FALSE,0,0,0,0,0,14,360,,
12361,4920,34860,TRUE,TRUE,FALSE,FALSE,FALSE,FALSE,None,None,TRUE,FALSE,Left,FALSE,0,0,0,0,0,12,361,,
12362,5550,34860,TRUE,TRUE,FALSE,FALSE,FALSE,FALSE,None,None,TRUE,FALSE,Left,FALSE,0,0,0,0,0,12,362,,
12363,6030,34860,TRUE,TRUE,FALSE,FALSE,FALSE,FALSE,None,None,TRUE,FALSE,Left,FALSE,0,0,0,0,0,12,363,,
12364,6510,34860,TRUE,TRUE,FALSE,FALSE,FALSE,FALSE,None,None,TRUE,FALSE,Left,FALSE,0,0,0,0,0,12,364,,
12365,7020,34860,TRUE,TRUE,FALSE,FALSE,FALSE,FALSE,None,None,TRUE,FALSE,Left,FALSE,0,0,0,0,0,12,365,,
12366,7650,34860,TRUE,TRUE,FALSE,FALSE,FALSE,FALSE,None,None,TRUE,FALSE,Left,FALSE,0,0,0,0,0,12,366,,
12367,8130,34860,TRUE,TRUE,FALSE,FALSE,FALSE,FALSE,None,None,TRUE,FALSE,Left,FALSE,0,0,0,0,0,12,367,,
12368,8610,34860,TRUE,TRUE,FALSE,FALSE,FALSE,FALSE,None,None,TRUE,FALSE,Left,FALSE,0,0,0,0,0,12,368,,
12369,9120,34860,TRUE,TRUE,FALSE,FALSE,FALSE,FALSE,None,None,TRUE,FALSE,Left,FALSE,0,0,0,0,0,12,369,,
12370,9750,34860,TRUE,TRUE,FALSE,FALSE,FALSE,FALSE,None,None,TRUE,FALSE,Left,FALSE,0,0,0,0,0,12,370,,
12371,10230,34860,TRUE,TRUE,FALSE,FALSE,FALSE,FALSE,None,None,TRUE,FALSE,Left,FALSE,0,0,0,0,0,12,371,,
12372,10710,34860,TRUE,TRUE,FALSE,FALSE,FALSE,FALSE,None,None,TRUE,FALSE,Left,FALSE,0,0,0,0,0,12,372,,
12373,11220,34860,TRUE,TRUE,FALSE,FALSE,FALSE,FALSE,None,None,TRUE,FALSE,Left,FALSE,0,0,0,0,0,12,373,,
14374,11850,34860,TRUE,TRUE,FALSE,FALSE,FALSE,FALSE,None,None,TRUE,FALSE,Left,FALSE,0,0,0,0,0,14,374,,
14375,12330,34860,TRUE,TRUE,FALSE,FALSE,FALSE,FALSE,None,None,TRUE,FALSE,Left,FALSE,0,0,0,0,0,14,375,,
12376,12810,34860,TRUE,TRUE,FALSE,FALSE,FALSE,FALSE,None,None,TRUE,FALSE,Left,FALSE,0,0,0,0,0,12,376,,
12377,13320,34860,TRUE,TRUE,FALSE,FALSE,FALSE,FALSE,None,None,TRUE,FALSE,Left,FALSE,0,0,0,0,0,12,377,,
12378,13950,34860,TRUE,TRUE,FALSE,FALSE,FALSE,FALSE,None,None,TRUE,FALSE,Left,FALSE,0,0,0,0,0,12,378,,
12379,14430,34860,TRUE,TRUE,FALSE,FALSE,FALSE,FALSE,None,None,TRUE,FALSE,Left,FALSE,0,0,0,0,0,12,379,,
12380,14910,34860,TRUE,TRUE,FALSE,FALSE,FALSE,FALSE,None,None,TRUE,FALSE,Left,FALSE,0,0,0,0,0,12,380,,
14381,15300,34860,TRUE,TRUE,FALSE,FALSE,FALSE,FALSE,None,None,TRUE,FALSE,Left,FALSE,0,0,0,0,0,14,381,,
14382,15870,34860,TRUE,TRUE,FALSE,FALSE,FALSE,FALSE,None,None,TRUE,FALSE,Left,FALSE,0,0,0,0,0,14,382,,
12383,16530,34860,TRUE,TRUE,FALSE,FALSE,FALSE,FALSE,None,None,TRUE,FALSE,Left,FALSE,0,0,0,0,0,12,383,,
12384,17010,34860,TRUE,TRUE,FALSE,FALSE,FALSE,FALSE,None,None,TRUE,FALSE,Left,FALSE,0,0,0,0,0,12,384,,
12385,17520,34860,TRUE,TRUE,FALSE,FALSE,FALSE,FALSE,None,None,TRUE,FALSE,Left,FALSE,0,0,0,0,0,12,385,,
12386,18150,34860,TRUE,TRUE,FALSE,FALSE,FALSE,FALSE,None,None,TRUE,FALSE,Left,FALSE,0,0,0,0,0,12,386,,
12387,18630,34860,TRUE,TRUE,FALSE,FALSE,FALSE,FALSE,None,None,TRUE,FALSE,Left,FALSE,0,0,0,0,0,12,387,,
12388,19110,34860,TRUE,TRUE,FALSE,FALSE,FALSE,FALSE,None,None,TRUE,FALSE,Left,FALSE,0,0,0,0,0,12,388,,
12389,19590,34860,TRUE,TRUE,FALSE,FALSE,FALSE,FALSE,None,None,TRUE,FALSE,Left,FALSE,0,0,0,0,0,12,389,,
12390,20250,34860,TRUE,TRUE,FALSE,FALSE,FALSE,FALSE,None,None,TRUE,FALSE,Left,FALSE,0,0,0,0,0,12,390,,
12391,20730,34860,TRUE,TRUE,FALSE,FALSE,FALSE,FALSE,None,None,TRUE,FALSE,Left,FALSE,0,0,0,0,0,12,391,,
12392,21210,34860,TRUE,TRUE,FALSE,FALSE,FALSE,FALSE,None,None,TRUE,FALSE,Left,FALSE,0,0,0,0,0,12,392,,
12393,21660,34860,TRUE,TRUE,FALSE,FALSE,FALSE,FALSE,None,None,TRUE,FALSE,Left,FALSE,0,0,0,0,0,12,393,,
10394,21960,34860,TRUE,TRUE,FALSE,FALSE,FALSE,FALSE,None,None,TRUE,FALSE,Left,FALSE,0,0,0,0,0,10,394,,
10395,20280,37802,TRUE,TRUE,FALSE,FALSE,FALSE,FALSE,None,None,TRUE,FALSE,Left,FALSE,0,0,0,0,0,10,395,19020,
13396,19560,37802,TRUE,TRUE,FALSE,FALSE,FALSE,FALSE,None,None,TRUE,FALSE,Left,FALSE,0,0,0,0,0,13,396,18300,
14397,19080,37802,TRUE,TRUE,FALSE,FALSE,FALSE,FALSE,None,None,TRUE,FALSE,Left,FALSE,0,0,0,0,0,14,397,17820,
12398,18420,37802,TRUE,TRUE,FALSE,FALSE,FALSE,FALSE,None,None,TRUE,FALSE,Left,FALSE,0,0,0,0,0,12,398,17160,
12399,17940,37802,TRUE,TRUE,FALSE,FALSE,FALSE,FALSE,None,None,TRUE,FALSE,Left,FALSE,0,0,0,0,0,12,399,16680,
14400,17370,37802,TRUE,TRUE,FALSE,FALSE,FALSE,FALSE,None,None,TRUE,FALSE,Left,FALSE,0,0,0,0,0,14,400,16110,
14401,16800,37802,TRUE,TRUE,FALSE,FALSE,FALSE,FALSE,None,None,TRUE,FALSE,Left,FALSE,0,0,0,0,0,14,401,15540,
12402,16320,37802,TRUE,TRUE,FALSE,FALSE,FALSE,FALSE,None,None,TRUE,FALSE,Left,FALSE,0,0,0,0,0,12,402,15060,
12403,15840,37802,TRUE,TRUE,FALSE,FALSE,FALSE,FALSE,None,None,TRUE,FALSE,Left,FALSE,0,0,0,0,0,12,403,14580,
12404,15360,37802,TRUE,TRUE,FALSE,FALSE,FALSE,FALSE,None,None,TRUE,FALSE,Left,FALSE,0,0,0,0,0,12,404,14100,
14405,14850,37802,TRUE,TRUE,FALSE,FALSE,FALSE,FALSE,None,None,TRUE,FALSE,Left,FALSE,0,0,0,0,0,14,405,13590,
12406,14220,37802,TRUE,TRUE,FALSE,FALSE,FALSE,FALSE,None,None,TRUE,FALSE,Left,FALSE,0,0,0,0,0,12,406,12960,
12407,13740,37802,TRUE,TRUE,FALSE,FALSE,FALSE,FALSE,None,None,TRUE,FALSE,Left,FALSE,0,0,0,0,0,12,407,12480,
12408,13260,37802,TRUE,TRUE,FALSE,FALSE,FALSE,FALSE,None,None,TRUE,FALSE,Left,FALSE,0,0,0,0,0,12,408,12000,
14409,12840,37802,TRUE,TRUE,FALSE,FALSE,FALSE,FALSE,None,None,TRUE,FALSE,Left,FALSE,0,0,0,0,0,14,409,11580,
12410,12120,37802,TRUE,TRUE,FALSE,FALSE,FALSE,FALSE,None,None,TRUE,FALSE,Left,FALSE,0,0,0,0,0,12,410,10860,
12411,11640,37802,TRUE,TRUE,FALSE,FALSE,FALSE,FALSE,None,None,TRUE,FALSE,Left,FALSE,0,0,0,0,0,12,411,10380,
12412,11160,37802,TRUE,TRUE,FALSE,FALSE,FALSE,FALSE,None,None,TRUE,FALSE,Left,FALSE,0,0,0,0,0,12,412,9900,
14413,10860,37802,TRUE,TRUE,FALSE,FALSE,FALSE,FALSE,None,None,TRUE,FALSE,Left,FALSE,0,0,0,0,0,14,413,9600,
12414,10530,37802,TRUE,TRUE,FALSE,FALSE,FALSE,FALSE,None,None,TRUE,FALSE,Left,FALSE,0,0,0,0,0,12,414,9270,
12415,10020,37802,TRUE,TRUE,FALSE,FALSE,FALSE,FALSE,None,None,TRUE,FALSE,Left,FALSE,0,0,0,0,0,12,415,8760,
12416,9540,37802,TRUE,TRUE,FALSE,FALSE,FALSE,FALSE,None,None,TRUE,FALSE,Left,FALSE,0,0,0,0,0,12,416,8280,
14417,8850,37802,TRUE,TRUE,FALSE,FALSE,FALSE,FALSE,None,None,TRUE,FALSE,Left,FALSE,0,0,0,0,0,14,417,7590,
12418,8430,37802,TRUE,TRUE,FALSE,FALSE,FALSE,FALSE,None,None,TRUE,FALSE,Left,FALSE,0,0,0,0,0,12,418,7170,
12419,7920,37802,TRUE,TRUE,FALSE,FALSE,FALSE,FALSE,None,None,TRUE,FALSE,Left,FALSE,0,0,0,0,0,12,419,6660,
12420,7440,37802,TRUE,TRUE,FALSE,FALSE,FALSE,FALSE,None,None,TRUE,FALSE,Left,FALSE,0,0,0,0,0,12,420,6180,
14421,6960,37802,TRUE,TRUE,FALSE,FALSE,FALSE,FALSE,None,None,TRUE,FALSE,Left,FALSE,0,0,0,0,0,14,421,5700,
12422,6330,37802,TRUE,TRUE,FALSE,FALSE,FALSE,FALSE,None,None,TRUE,FALSE,Left,FALSE,0,0,0,0,0,12,422,5070,
12423,5820,37802,TRUE,TRUE,FALSE,FALSE,FALSE,FALSE,None,None,TRUE,FALSE,Left,FALSE,0,0,0,0,0,12,423,4560,
12424,5340,37802,TRUE,TRUE,FALSE,FALSE,FALSE,FALSE,None,None,TRUE,FALSE,Left,FALSE,0,0,0,0,0,12,424,4080,
14425,4860,37802,TRUE,TRUE,FALSE,FALSE,FALSE,FALSE,None,None,TRUE,FALSE,Left,FALSE,0,0,0,0,0,14,425,3600,
12426,4230,37802,TRUE,TRUE,FALSE,FALSE,FALSE,FALSE,None,None,TRUE,FALSE,Left,FALSE,0,0,0,0,0,12,426,2970,
12427,3720,37802,TRUE,TRUE,FALSE,FALSE,FALSE,FALSE,None,None,TRUE,FALSE,Left,FALSE,0,0,0,0,0,12,427,2460,
12428,3240,37802,TRUE,TRUE,FALSE,FALSE,FALSE,FALSE,None,None,TRUE,FALSE,Left,FALSE,0,0,0,0,0,12,428,1980,
14429,2850,37802,TRUE,TRUE,FALSE,FALSE,FALSE,FALSE,None,None,TRUE,FALSE,Left,FALSE,0,0,0,0,0,14,429,1590,
12430,2130,37802,TRUE,TRUE,FALSE,FALSE,FALSE,FALSE,None,None,TRUE,FALSE,Left,FALSE,0,0,0,0,0,12,430,870,
12431,1620,37802,TRUE,TRUE,FALSE,FALSE,FALSE,FALSE,None,None,TRUE,FALSE,Left,FALSE,0,0,0,0,0,12,431,360,
12432,1140,37802,TRUE,TRUE,FALSE,FALSE,FALSE,FALSE,None,None,TRUE,FALSE,Left,FALSE,0,0,0,0,0,12,432,-120,
14433,870,37802,TRUE,TRUE,FALSE,FALSE,FALSE,FALSE,None,None,TRUE,FALSE,Left,FALSE,0,0,0,0,0,14,433,-390,
10434,120,39662,TRUE,TRUE,FALSE,FALSE,FALSE,FALSE,None,None,TRUE,FALSE,Left,FALSE,0,0,0,0,0,10,434,,
10435,120,41792,TRUE,TRUE,FALSE,FALSE,FALSE,FALSE,None,None,TRUE,FALSE,Left,FALSE,0,0,0,0,0,10,435,,
10436,1260,40622,TRUE,TRUE,FALSE,FALSE,FALSE,FALSE,None,None,TRUE,FALSE,Left,FALSE,0,0,0,0,0,10,436,0,
13437,2100,40622,TRUE,TRUE,FALSE,FALSE,FALSE,FALSE,None,None,TRUE,FALSE,Left,FALSE,0,0,0,0,0,13,437,840,
12438,3420,40622,TRUE,TRUE,FALSE,FALSE,FALSE,FALSE,None,None,TRUE,FALSE,Left,FALSE,0,0,0,0,0,12,438,2160,
14439,4080,40622,TRUE,TRUE,FALSE,FALSE,FALSE,FALSE,None,None,TRUE,FALSE,Left,FALSE,0,0,0,0,0,14,439,2820,
12440,4380,40622,TRUE,TRUE,FALSE,FALSE,FALSE,FALSE,None,None,TRUE,FALSE,Left,FALSE,0,0,0,0,0,12,440,3120,
12441,4890,40622,TRUE,TRUE,FALSE,FALSE,FALSE,FALSE,None,None,TRUE,FALSE,Left,FALSE,0,0,0,0,0,12,441,3630,
12442,5520,40622,TRUE,TRUE,FALSE,FALSE,FALSE,FALSE,None,None,TRUE,FALSE,Left,FALSE,0,0,0,0,0,12,442,4260,
14443,6090,40622,TRUE,TRUE,FALSE,FALSE,FALSE,FALSE,None,None,TRUE,FALSE,Left,FALSE,0,0,0,0,0,14,443,4830,
12444,6480,40622,TRUE,TRUE,FALSE,FALSE,FALSE,FALSE,None,None,TRUE,FALSE,Left,FALSE,0,0,0,0,0,12,444,5220,
12445,6990,40622,TRUE,TRUE,FALSE,FALSE,FALSE,FALSE,None,None,TRUE,FALSE,Left,FALSE,0,0,0,0,0,12,445,5730,
12446,7620,40622,TRUE,TRUE,FALSE,FALSE,FALSE,FALSE,None,None,TRUE,FALSE,Left,FALSE,0,0,0,0,0,12,446,6360,
14447,8100,40622,TRUE,TRUE,FALSE,FALSE,FALSE,FALSE,None,None,TRUE,FALSE,Left,FALSE,0,0,0,0,0,14,447,6840,
12448,8580,40622,TRUE,TRUE,FALSE,FALSE,FALSE,FALSE,None,None,TRUE,FALSE,Left,FALSE,0,0,0,0,0,12,448,7320,
12449,9090,40622,TRUE,TRUE,FALSE,FALSE,FALSE,FALSE,None,None,TRUE,FALSE,Left,FALSE,0,0,0,0,0,12,449,7830,
12450,9720,40622,TRUE,TRUE,FALSE,FALSE,FALSE,FALSE,None,None,TRUE,FALSE,Left,FALSE,0,0,0,0,0,12,450,8460,
14451,10080,40622,TRUE,TRUE,FALSE,FALSE,FALSE,FALSE,None,None,TRUE,FALSE,Left,FALSE,0,0,0,0,0,14,451,8820,
12452,10680,40622,TRUE,TRUE,FALSE,FALSE,FALSE,FALSE,None,None,TRUE,FALSE,Left,FALSE,0,0,0,0,0,12,452,9420,
12453,11190,40622,TRUE,TRUE,FALSE,FALSE,FALSE,FALSE,None,None,TRUE,FALSE,Left,FALSE,0,0,0,0,0,12,453,9930,
14454,12090,40622,TRUE,TRUE,FALSE,FALSE,FALSE,FALSE,None,None,TRUE,FALSE,Left,FALSE,0,0,0,0,0,14,454,10830,
12455,12780,40622,TRUE,TRUE,FALSE,FALSE,FALSE,FALSE,None,None,TRUE,FALSE,Left,FALSE,0,0,0,0,0,12,455,11520,
12456,13290,40622,TRUE,TRUE,FALSE,FALSE,FALSE,FALSE,None,None,TRUE,FALSE,Left,FALSE,0,0,0,0,0,12,456,12030,
14457,14100,40622,TRUE,TRUE,FALSE,FALSE,FALSE,FALSE,None,None,TRUE,FALSE,Left,FALSE,0,0,0,0,0,14,457,12840,
12458,14400,40622,TRUE,TRUE,FALSE,FALSE,FALSE,FALSE,None,None,TRUE,FALSE,Left,FALSE,0,0,0,0,0,12,458,13140,
12459,14880,40622,TRUE,TRUE,FALSE,FALSE,FALSE,FALSE,None,None,TRUE,FALSE,Left,FALSE,0,0,0,0,0,12,459,13620,
12460,15390,40622,TRUE,TRUE,FALSE,FALSE,FALSE,FALSE,None,None,TRUE,FALSE,Left,FALSE,0,0,0,0,0,12,460,14130,
14461,16080,40622,TRUE,TRUE,FALSE,FALSE,FALSE,FALSE,None,None,TRUE,FALSE,Left,FALSE,0,0,0,0,0,14,461,14820,
12462,16500,40622,TRUE,TRUE,FALSE,FALSE,FALSE,FALSE,None,None,TRUE,FALSE,Left,FALSE,0,0,0,0,0,12,462,15240,
12463,16980,40622,TRUE,TRUE,FALSE,FALSE,FALSE,FALSE,None,None,TRUE,FALSE,Left,FALSE,0,0,0,0,0,12,463,15720,
12464,17490,40622,TRUE,TRUE,FALSE,FALSE,FALSE,FALSE,None,None,TRUE,FALSE,Left,FALSE,0,0,0,0,0,12,464,16230,
12465,18120,40622,TRUE,TRUE,FALSE,FALSE,FALSE,FALSE,None,None,TRUE,FALSE,Left,FALSE,0,0,0,0,0,12,465,16860,
12466,18600,40622,TRUE,TRUE,FALSE,FALSE,FALSE,FALSE,None,None,TRUE,FALSE,Left,FALSE,0,0,0,0,0,12,466,17340,
12467,19080,40622,TRUE,TRUE,FALSE,FALSE,FALSE,FALSE,None,None,TRUE,FALSE,Left,FALSE,0,0,0,0,0,12,467,17820,
12468,19590,40622,TRUE,TRUE,FALSE,FALSE,FALSE,FALSE,None,None,TRUE,FALSE,Left,FALSE,0,0,0,0,0,12,468,18330,
10469,20700,40622,TRUE,TRUE,FALSE,FALSE,FALSE,FALSE,None,None,TRUE,FALSE,Left,FALSE,0,0,0,0,0,10,469,19440,
10470,21510,39422,TRUE,TRUE,FALSE,FALSE,FALSE,FALSE,None,None,TRUE,FALSE,Left,FALSE,0,0,0,0,0,10,470,20250,
10471,21510,38702,TRUE,TRUE,FALSE,FALSE,FALSE,FALSE,None,None,TRUE,FALSE,Left,FALSE,0,0,0,0,0,10,471,20250,
10472,21480,43125,TRUE,TRUE,FALSE,FALSE,FALSE,FALSE,None,None,TRUE,FALSE,Left,FALSE,0,0,0,0,0,10,472,,
12473,21060,43125,TRUE,TRUE,FALSE,FALSE,FALSE,FALSE,None,None,TRUE,FALSE,Left,FALSE,0,0,0,0,0,12,473,,
12474,20550,43125,TRUE,TRUE,FALSE,FALSE,FALSE,FALSE,None,None,TRUE,FALSE,Left,FALSE,0,0,0,0,0,12,474,,
12475,20070,43125,TRUE,TRUE,FALSE,FALSE,FALSE,FALSE,None,None,TRUE,FALSE,Left,FALSE,0,0,0,0,0,12,475,,
12476,19590,43125,TRUE,TRUE,FALSE,FALSE,FALSE,FALSE,None,None,TRUE,FALSE,Left,FALSE,0,0,0,0,0,12,476,,
12477,18960,43125,TRUE,TRUE,FALSE,FALSE,FALSE,FALSE,None,None,TRUE,FALSE,Left,FALSE,0,0,0,0,0,12,477,,
12478,18450,43125,TRUE,TRUE,FALSE,FALSE,FALSE,FALSE,None,None,TRUE,FALSE,Left,FALSE,0,0,0,0,0,12,478,,
12479,17970,43125,TRUE,TRUE,FALSE,FALSE,FALSE,FALSE,None,None,TRUE,FALSE,Left,FALSE,0,0,0,0,0,12,479,,
12480,17490,43125,TRUE,TRUE,FALSE,FALSE,FALSE,FALSE,None,None,TRUE,FALSE,Left,FALSE,0,0,0,0,0,12,480,,
12481,16860,43125,TRUE,TRUE,FALSE,FALSE,FALSE,FALSE,None,None,TRUE,FALSE,Left,FALSE,0,0,0,0,0,12,481,,
12482,16350,43125,TRUE,TRUE,FALSE,FALSE,FALSE,FALSE,None,None,TRUE,FALSE,Left,FALSE,0,0,0,0,0,12,482,,
12483,15870,43125,TRUE,TRUE,FALSE,FALSE,FALSE,FALSE,None,None,TRUE,FALSE,Left,FALSE,0,0,0,0,0,12,483,,
12484,15390,43125,TRUE,TRUE,FALSE,FALSE,FALSE,FALSE,None,None,TRUE,FALSE,Left,FALSE,0,0,0,0,0,12,484,,
12485,14760,43125,TRUE,TRUE,FALSE,FALSE,FALSE,FALSE,None,None,TRUE,FALSE,Left,FALSE,0,0,0,0,0,12,485,,
12486,14250,43125,TRUE,TRUE,FALSE,FALSE,FALSE,FALSE,None,None,TRUE,FALSE,Left,FALSE,0,0,0,0,0,12,486,,
12487,13770,43125,TRUE,TRUE,FALSE,FALSE,FALSE,FALSE,None,None,TRUE,FALSE,Left,FALSE,0,0,0,0,0,12,487,,
12488,13290,43125,TRUE,TRUE,FALSE,FALSE,FALSE,FALSE,None,None,TRUE,FALSE,Left,FALSE,0,0,0,0,0,12,488,,
12489,12660,43125,TRUE,TRUE,FALSE,FALSE,FALSE,FALSE,None,None,TRUE,FALSE,Left,FALSE,0,0,0,0,0,12,489,,
12490,12150,43125,TRUE,TRUE,FALSE,FALSE,FALSE,FALSE,None,None,TRUE,FALSE,Left,FALSE,0,0,0,0,0,12,490,,
12491,11670,43125,TRUE,TRUE,FALSE,FALSE,FALSE,FALSE,None,None,TRUE,FALSE,Left,FALSE,0,0,0,0,0,12,491,,
12492,11190,43125,TRUE,TRUE,FALSE,FALSE,FALSE,FALSE,None,None,TRUE,FALSE,Left,FALSE,0,0,0,0,0,12,492,,
12493,10560,43125,TRUE,TRUE,FALSE,FALSE,FALSE,FALSE,None,None,TRUE,FALSE,Left,FALSE,0,0,0,0,0,12,493,,
12494,10050,43125,TRUE,TRUE,FALSE,FALSE,FALSE,FALSE,None,None,TRUE,FALSE,Left,FALSE,0,0,0,0,0,12,494,,
12495,9570,43125,TRUE,TRUE,FALSE,FALSE,FALSE,FALSE,None,None,TRUE,FALSE,Left,FALSE,0,0,0,0,0,12,495,,
12496,9090,43125,TRUE,TRUE,FALSE,FALSE,FALSE,FALSE,None,None,TRUE,FALSE,Left,FALSE,0,0,0,0,0,12,496,,
12497,8460,43125,TRUE,TRUE,FALSE,FALSE,FALSE,FALSE,None,None,TRUE,FALSE,Left,FALSE,0,0,0,0,0,12,497,,
12498,7950,43125,TRUE,TRUE,FALSE,FALSE,FALSE,FALSE,None,None,TRUE,FALSE,Left,FALSE,0,0,0,0,0,12,498,,
12499,7470,43125,TRUE,TRUE,FALSE,FALSE,FALSE,FALSE,None,None,TRUE,FALSE,Left,FALSE,0,0,0,0,0,12,499,,
12500,6990,43125,TRUE,TRUE,FALSE,FALSE,FALSE,FALSE,None,None,TRUE,FALSE,Left,FALSE,0,0,0,0,0,12,500,,
12501,6360,43125,TRUE,TRUE,FALSE,FALSE,FALSE,FALSE,None,None,TRUE,FALSE,Left,FALSE,0,0,0,0,0,12,501,,
12502,5850,43125,TRUE,TRUE,FALSE,FALSE,FALSE,FALSE,None,None,TRUE,FALSE,Left,FALSE,0,0,0,0,0,12,502,,
12503,5370,43125,TRUE,TRUE,FALSE,FALSE,FALSE,FALSE,None,None,TRUE,FALSE,Left,FALSE,0,0,0,0,0,12,503,,
12504,4890,43125,TRUE,TRUE,FALSE,FALSE,FALSE,FALSE,None,None,TRUE,FALSE,Left,FALSE,0,0,0,0,0,12,504,,
12505,4260,43125,TRUE,TRUE,FALSE,FALSE,FALSE,FALSE,None,None,TRUE,FALSE,Left,FALSE,0,0,0,0,0,12,505,,
12506,3750,43125,TRUE,TRUE,FALSE,FALSE,FALSE,FALSE,None,None,TRUE,FALSE,Left,FALSE,0,0,0,0,0,12,506,,
12507,3270,43125,TRUE,TRUE,FALSE,FALSE,FALSE,FALSE,None,None,TRUE,FALSE,Left,FALSE,0,0,0,0,0,12,507,,
12508,2790,43125,TRUE,TRUE,FALSE,FALSE,FALSE,FALSE,None,None,TRUE,FALSE,Left,FALSE,0,0,0,0,0,12,508,,
12509,2160,43125,TRUE,TRUE,FALSE,FALSE,FALSE,FALSE,None,None,TRUE,FALSE,Left,FALSE,0,0,0,0,0,12,509,,
12510,1650,43125,TRUE,TRUE,FALSE,FALSE,FALSE,FALSE,None,None,TRUE,FALSE,Left,FALSE,0,0,0,0,0,12,510,,
12511,1170,43125,TRUE,TRUE,FALSE,FALSE,FALSE,FALSE,None,None,TRUE,FALSE,Left,FALSE,0,0,0,0,0,12,511,,
12512,690,43125,TRUE,TRUE,FALSE,FALSE,FALSE,FALSE,None,None,TRUE,FALSE,Left,FALSE,0,0,0,0,0,12,512,,
10513,120,43905,TRUE,TRUE,FALSE,FALSE,FALSE,FALSE,None,None,TRUE,FALSE,Left,FALSE,0,0,0,0,0,10,513,,
10514,777,49042,TRUE,TRUE,FALSE,FALSE,FALSE,FALSE,None,None,TRUE,FALSE,Left,FALSE,0,0,0,0,0,10,514,,
10515,1230,45185,TRUE,TRUE,FALSE,FALSE,FALSE,FALSE,None,None,TRUE,FALSE,Left,FALSE,0,0,0,0,0,10,515,,45685
13516,2760,45185,TRUE,TRUE,FALSE,FALSE,FALSE,FALSE,None,None,TRUE,FALSE,Left,FALSE,0,0,0,0,0,13,516,,45685
12517,3450,45185,TRUE,TRUE,FALSE,FALSE,FALSE,FALSE,None,None,TRUE,FALSE,Left,FALSE,0,0,0,0,0,12,517,,45685
12518,3930,45185,TRUE,TRUE,FALSE,FALSE,FALSE,FALSE,None,None,TRUE,FALSE,Left,FALSE,0,0,0,0,0,12,518,,45685
12519,4410,45185,TRUE,TRUE,FALSE,FALSE,FALSE,FALSE,None,None,TRUE,FALSE,Left,FALSE,0,0,0,0,0,12,519,,45685
14520,4770,45185,TRUE,TRUE,FALSE,FALSE,FALSE,FALSE,None,None,TRUE,FALSE,Left,FALSE,0,0,0,0,0,14,520,,45685
12521,5550,45185,TRUE,TRUE,FALSE,FALSE,FALSE,FALSE,None,None,TRUE,FALSE,Left,FALSE,0,0,0,0,0,12,521,,45685
12522,6030,45185,TRUE,TRUE,FALSE,FALSE,FALSE,FALSE,None,None,TRUE,FALSE,Left,FALSE,0,0,0,0,0,12,522,,45685
12523,6510,45185,TRUE,TRUE,FALSE,FALSE,FALSE,FALSE,None,None,TRUE,FALSE,Left,FALSE,0,0,0,0,0,12,523,,45685
12524,7020,45185,TRUE,TRUE,FALSE,FALSE,FALSE,FALSE,None,None,TRUE,FALSE,Left,FALSE,0,0,0,0,0,12,524,,45685
12525,7650,45185,TRUE,TRUE,FALSE,FALSE,FALSE,FALSE,None,None,TRUE,FALSE,Left,FALSE,0,0,0,0,0,12,525,,45685
12526,8130,45185,TRUE,TRUE,FALSE,FALSE,FALSE,FALSE,None,None,TRUE,FALSE,Left,FALSE,0,0,0,0,0,12,526,,45685
12527,8610,45185,TRUE,TRUE,FALSE,FALSE,FALSE,FALSE,None,None,TRUE,FALSE,Left,FALSE,0,0,0,0,0,12,527,,45685
12528,9120,45185,TRUE,TRUE,FALSE,FALSE,FALSE,FALSE,None,None,TRUE,FALSE,Left,FALSE,0,0,0,0,0,12,528,,45685
12529,9750,45185,TRUE,TRUE,FALSE,FALSE,FALSE,FALSE,None,None,TRUE,FALSE,Left,FALSE,0,0,0,0,0,12,529,,45685
12530,10230,45185,TRUE,TRUE,FALSE,FALSE,FALSE,FALSE,None,None,TRUE,FALSE,Left,FALSE,0,0,0,0,0,12,530,,45685
14531,10890,45185,TRUE,TRUE,FALSE,FALSE,FALSE,FALSE,None,None,TRUE,FALSE,Left,FALSE,0,0,0,0,0,14,531,,45685
12532,11220,45185,TRUE,TRUE,FALSE,FALSE,FALSE,FALSE,None,None,TRUE,FALSE,Left,FALSE,0,0,0,0,0,12,532,,45685
12533,11850,45185,TRUE,TRUE,FALSE,FALSE,FALSE,FALSE,None,None,TRUE,FALSE,Left,FALSE,0,0,0,0,0,12,533,,45685
12534,12330,45185,TRUE,TRUE,FALSE,FALSE,FALSE,FALSE,None,None,TRUE,FALSE,Left,FALSE,0,0,0,0,0,12,534,,45685
14535,12890,45185,TRUE,TRUE,FALSE,FALSE,FALSE,FALSE,None,None,TRUE,FALSE,Left,FALSE,0,0,0,0,0,14,535,,45685
12536,13320,45185,TRUE,TRUE,FALSE,FALSE,FALSE,FALSE,None,None,TRUE,FALSE,Left,FALSE,0,0,0,0,0,12,536,,45685
12537,13950,45185,TRUE,TRUE,FALSE,FALSE,FALSE,FALSE,None,None,TRUE,FALSE,Left,FALSE,0,0,0,0,0,12,537,,45685
12538,14430,45185,TRUE,TRUE,FALSE,FALSE,FALSE,FALSE,None,None,TRUE,FALSE,Left,FALSE,0,0,0,0,0,12,538,,45685
14539,14760,45185,TRUE,TRUE,FALSE,FALSE,FALSE,FALSE,None,None,TRUE,FALSE,Left,FALSE,0,0,0,0,0,14,539,,45685
12540,15420,45185,TRUE,TRUE,FALSE,FALSE,FALSE,FALSE,None,None,TRUE,FALSE,Left,FALSE,0,0,0,0,0,12,540,,45685
12541,16050,45185,TRUE,TRUE,FALSE,FALSE,FALSE,FALSE,None,None,TRUE,FALSE,Left,FALSE,0,0,0,0,0,12,541,,45685
14542,16770,45185,TRUE,TRUE,FALSE,FALSE,FALSE,FALSE,None,None,TRUE,FALSE,Left,FALSE,0,0,0,0,0,14,542,,45685
12543,17520,45185,TRUE,TRUE,FALSE,FALSE,FALSE,FALSE,None,None,TRUE,FALSE,Left,FALSE,0,0,0,0,0,12,543,,45685
12544,18260,45185,TRUE,TRUE,FALSE,FALSE,FALSE,FALSE,None,None,TRUE,FALSE,Left,FALSE,0,0,0,0,0,12,544,,45685
12545,18630,45185,TRUE,TRUE,FALSE,FALSE,FALSE,FALSE,None,None,TRUE,FALSE,Left,FALSE,0,0,0,0,0,12,545,,45685
12546,19260,45185,TRUE,TRUE,FALSE,FALSE,FALSE,FALSE,None,None,TRUE,FALSE,Left,FALSE,0,0,0,0,0,12,546,,45685
12547,19620,45185,TRUE,TRUE,FALSE,FALSE,FALSE,FALSE,None,None,TRUE,FALSE,Left,FALSE,0,0,0,0,0,12,547,,45685
12548,20250,45185,TRUE,TRUE,FALSE,FALSE,FALSE,FALSE,None,None,TRUE,FALSE,Left,FALSE,0,0,0,0,0,12,548,,45685
12549,20730,45185,TRUE,TRUE,FALSE,FALSE,FALSE,FALSE,None,None,TRUE,FALSE,Left,FALSE,0,0,0,0,0,12,549,,45685
12550,21210,45185,TRUE,TRUE,FALSE,FALSE,FALSE,FALSE,None,None,TRUE,FALSE,Left,FALSE,0,0,0,0,0,12,550,,45685
12551,21720,45185,TRUE,TRUE,FALSE,FALSE,FALSE,FALSE,None,None,TRUE,FALSE,Left,FALSE,0,0,0,0,0,12,551,,45685
10552,21960,45185,TRUE,TRUE,FALSE,FALSE,FALSE,FALSE,None,None,TRUE,FALSE,Left,FALSE,0,0,0,0,0,10,552,,45685
10553,21057,49941,TRUE,TRUE,FALSE,FALSE,FALSE,FALSE,None,None,TRUE,FALSE,Left,FALSE,0,0,0,0,0,10,553,20557,48441
14554,20668,49941,TRUE,TRUE,FALSE,FALSE,FALSE,FALSE,None,None,TRUE,FALSE,Left,FALSE,0,0,0,0,0,14,554,20168,48441
12555,20278,49941,TRUE,TRUE,FALSE,FALSE,FALSE,FALSE,None,None,TRUE,FALSE,Left,FALSE,0,0,0,0,0,12,555,19778,48441
12556,19798,49941,TRUE,TRUE,FALSE,FALSE,FALSE,FALSE,None,None,TRUE,FALSE,Left,FALSE,0,0,0,0,0,12,556,19298,48441
12557,19318,49941,TRUE,TRUE,FALSE,FALSE,FALSE,FALSE,None,None,TRUE,FALSE,Left,FALSE,0,0,0,0,0,12,557,18818,48441
14558,18688,49941,TRUE,TRUE,FALSE,FALSE,FALSE,FALSE,None,None,TRUE,FALSE,Left,FALSE,0,0,0,0,0,14,558,18188,48441
12559,18178,49941,TRUE,TRUE,FALSE,FALSE,FALSE,FALSE,None,None,TRUE,FALSE,Left,FALSE,0,0,0,0,0,12,559,17678,48441
12560,17698,49941,TRUE,TRUE,FALSE,FALSE,FALSE,FALSE,None,None,TRUE,FALSE,Left,FALSE,0,0,0,0,0,12,560,17198,48441
12561,17218,49941,TRUE,TRUE,FALSE,FALSE,FALSE,FALSE,None,None,TRUE,FALSE,Left,FALSE,0,0,0,0,0,12,561,16718,48441
14562,16678,49941,TRUE,TRUE,FALSE,FALSE,FALSE,FALSE,None,None,TRUE,FALSE,Left,FALSE,0,0,0,0,0,14,562,16178,48441
12563,16078,49941,TRUE,TRUE,FALSE,FALSE,FALSE,FALSE,None,None,TRUE,FALSE,Left,FALSE,0,0,0,0,0,12,563,15578,48441
12564,15598,49941,TRUE,TRUE,FALSE,FALSE,FALSE,FALSE,None,None,TRUE,FALSE,Left,FALSE,0,0,0,0,0,12,564,15098,48441
12565,15118,49941,TRUE,TRUE,FALSE,FALSE,FALSE,FALSE,None,None,TRUE,FALSE,Left,FALSE,0,0,0,0,0,12,565,14618,48441
14566,14698,49941,TRUE,TRUE,FALSE,FALSE,FALSE,FALSE,None,None,TRUE,FALSE,Left,FALSE,0,0,0,0,0,14,566,14198,48441
12567,13978,49941,TRUE,TRUE,FALSE,FALSE,FALSE,FALSE,None,None,TRUE,FALSE,Left,FALSE,0,0,0,0,0,12,567,13478,48441
12568,13498,49941,TRUE,TRUE,FALSE,FALSE,FALSE,FALSE,None,None,TRUE,FALSE,Left,FALSE,0,0,0,0,0,12,568,12998,48441
12569,13018,49941,TRUE,TRUE,FALSE,FALSE,FALSE,FALSE,None,None,TRUE,FALSE,Left,FALSE,0,0,0,0,0,12,569,12518,48441
14570,12718,49941,TRUE,TRUE,FALSE,FALSE,FALSE,FALSE,None,None,TRUE,FALSE,Left,FALSE,0,0,0,0,0,14,570,12218,48441
12571,12448,49941,TRUE,TRUE,FALSE,FALSE,FALSE,FALSE,None,None,TRUE,FALSE,Left,FALSE,0,0,0,0,0,12,571,11948,48441
12572,11938,49941,TRUE,TRUE,FALSE,FALSE,FALSE,FALSE,None,None,TRUE,FALSE,Left,FALSE,0,0,0,0,0,12,572,11438,48441
12573,11458,49941,TRUE,TRUE,FALSE,FALSE,FALSE,FALSE,None,None,TRUE,FALSE,Left,FALSE,0,0,0,0,0,12,573,10958,48441
14574,10988,49941,TRUE,TRUE,FALSE,FALSE,FALSE,FALSE,None,None,TRUE,FALSE,Left,FALSE,0,0,0,0,0,14,574,10488,48441
12575,10348,49941,TRUE,TRUE,FALSE,FALSE,FALSE,FALSE,None,None,TRUE,FALSE,Left,FALSE,0,0,0,0,0,12,575,9848,48441
12576,9838,49941,TRUE,TRUE,FALSE,FALSE,FALSE,FALSE,None,None,TRUE,FALSE,Left,FALSE,0,0,0,0,0,12,576,9338,48441
12577,9358,49941,TRUE,TRUE,FALSE,FALSE,FALSE,FALSE,None,None,TRUE,FALSE,Left,FALSE,0,0,0,0,0,12,577,8858,48441
14578,8878,49941,TRUE,TRUE,FALSE,FALSE,FALSE,FALSE,None,None,TRUE,FALSE,Left,FALSE,0,0,0,0,0,14,578,8378,48441
12579,8248,49941,TRUE,TRUE,FALSE,FALSE,FALSE,FALSE,None,None,TRUE,FALSE,Left,FALSE,0,0,0,0,0,12,579,7748,48441
12580,7738,49941,TRUE,TRUE,FALSE,FALSE,FALSE,FALSE,None,None,TRUE,FALSE,Left,FALSE,0,0,0,0,0,12,580,7238,48441
12581,7258,49941,TRUE,TRUE,FALSE,FALSE,FALSE,FALSE,None,None,TRUE,FALSE,Left,FALSE,0,0,0,0,0,12,581,6758,48441
14582,6778,49941,TRUE,TRUE,FALSE,FALSE,FALSE,FALSE,None,None,TRUE,FALSE,Left,FALSE,0,0,0,0,0,14,582,6278,48441
12583,6148,49941,TRUE,TRUE,FALSE,FALSE,FALSE,FALSE,None,None,TRUE,FALSE,Left,FALSE,0,0,0,0,0,12,583,5648,48441
12584,5638,49941,TRUE,TRUE,FALSE,FALSE,FALSE,FALSE,None,None,TRUE,FALSE,Left,FALSE,0,0,0,0,0,12,584,5138,48441
12585,5158,49941,TRUE,TRUE,FALSE,FALSE,FALSE,FALSE,None,None,TRUE,FALSE,Left,FALSE,0,0,0,0,0,12,585,4658,48441
14586,4678,49941,TRUE,TRUE,FALSE,FALSE,FALSE,FALSE,None,None,TRUE,FALSE,Left,FALSE,0,0,0,0,0,14,586,4178,48441
12587,4048,49941,TRUE,TRUE,FALSE,FALSE,FALSE,FALSE,None,None,TRUE,FALSE,Left,FALSE,0,0,0,0,0,12,587,3548,48441
12588,3538,49941,TRUE,TRUE,FALSE,FALSE,FALSE,FALSE,None,None,TRUE,FALSE,Left,FALSE,0,0,0,0,0,12,588,3038,48441
12589,3058,49941,TRUE,TRUE,FALSE,FALSE,FALSE,FALSE,None,None,TRUE,FALSE,Left,FALSE,0,0,0,0,0,12,589,2558,48441
14590,2578,49941,TRUE,TRUE,FALSE,FALSE,FALSE,FALSE,None,None,TRUE,FALSE,Left,FALSE,0,0,0,0,0,14,590,2078,48441
10591,1277,50272,TRUE,TRUE,FALSE,FALSE,FALSE,FALSE,None,None,TRUE,FALSE,Left,FALSE,0,0,0,0,0,10,591,1777,48772
10592,777,52642,TRUE,TRUE,FALSE,FALSE,FALSE,FALSE,None,None,TRUE,FALSE,Left,FALSE,0,0,0,0,0,10,592,,
10593,777,54622,TRUE,TRUE,FALSE,FALSE,FALSE,FALSE,None,None,TRUE,FALSE,Left,FALSE,0,0,0,0,0,10,593,,
10594,1647,53542,TRUE,TRUE,FALSE,FALSE,FALSE,FALSE,None,None,TRUE,FALSE,Left,FALSE,0,0,0,0,0,10,594,,
12595,1977,53542,TRUE,TRUE,FALSE,FALSE,FALSE,FALSE,None,None,TRUE,FALSE,Left,FALSE,0,0,0,0,0,12,595,,
12596,2457,53542,TRUE,TRUE,FALSE,FALSE,FALSE,FALSE,None,None,TRUE,FALSE,Left,FALSE,0,0,0,0,0,12,596,,
14597,2757,53542,TRUE,TRUE,FALSE,FALSE,FALSE,FALSE,None,None,TRUE,FALSE,Left,FALSE,0,0,0,0,0,14,597,,
12598,3447,53542,TRUE,TRUE,FALSE,FALSE,FALSE,FALSE,None,None,TRUE,FALSE,Left,FALSE,0,0,0,0,0,12,598,,
12599,4077,53542,TRUE,TRUE,FALSE,FALSE,FALSE,FALSE,None,None,TRUE,FALSE,Left,FALSE,0,0,0,0,0,12,599,,
14600,4737,53542,TRUE,TRUE,FALSE,FALSE,FALSE,FALSE,None,None,TRUE,FALSE,Left,FALSE,0,0,0,0,0,14,600,,
12601,5037,53542,TRUE,TRUE,FALSE,FALSE,FALSE,FALSE,None,None,TRUE,FALSE,Left,FALSE,0,0,0,0,0,12,601,,
12602,5547,53542,TRUE,TRUE,FALSE,FALSE,FALSE,FALSE,None,None,TRUE,FALSE,Left,FALSE,0,0,0,0,0,12,602,,
12603,6177,53542,TRUE,TRUE,FALSE,FALSE,FALSE,FALSE,None,None,TRUE,FALSE,Left,FALSE,0,0,0,0,0,12,603,,
14604,6747,53542,TRUE,TRUE,FALSE,FALSE,FALSE,FALSE,None,None,TRUE,FALSE,Left,FALSE,0,0,0,0,0,14,604,,
12605,7137,53542,TRUE,TRUE,FALSE,FALSE,FALSE,FALSE,None,None,TRUE,FALSE,Left,FALSE,0,0,0,0,0,12,605,,
12606,7647,53542,TRUE,TRUE,FALSE,FALSE,FALSE,FALSE,None,None,TRUE,FALSE,Left,FALSE,0,0,0,0,0,12,606,,
12607,8277,53542,TRUE,TRUE,FALSE,FALSE,FALSE,FALSE,None,None,TRUE,FALSE,Left,FALSE,0,0,0,0,0,12,607,,
14608,8757,53542,TRUE,TRUE,FALSE,FALSE,FALSE,FALSE,None,None,TRUE,FALSE,Left,FALSE,0,0,0,0,0,14,608,,
12609,9237,53542,TRUE,TRUE,FALSE,FALSE,FALSE,FALSE,None,None,TRUE,FALSE,Left,FALSE,0,0,0,0,0,12,609,,
12610,9747,53542,TRUE,TRUE,FALSE,FALSE,FALSE,FALSE,None,None,TRUE,FALSE,Left,FALSE,0,0,0,0,0,12,610,,
12611,10377,53542,TRUE,TRUE,FALSE,FALSE,FALSE,FALSE,None,None,TRUE,FALSE,Left,FALSE,0,0,0,0,0,12,611,,
14612,10737,53542,TRUE,TRUE,FALSE,FALSE,FALSE,FALSE,None,None,TRUE,FALSE,Left,FALSE,0,0,0,0,0,14,612,,
12613,11337,53542,TRUE,TRUE,FALSE,FALSE,FALSE,FALSE,None,None,TRUE,FALSE,Left,FALSE,0,0,0,0,0,12,613,,
12614,11847,53542,TRUE,TRUE,FALSE,FALSE,FALSE,FALSE,None,None,TRUE,FALSE,Left,FALSE,0,0,0,0,0,12,614,,
12615,12477,53542,TRUE,TRUE,FALSE,FALSE,FALSE,FALSE,None,None,TRUE,FALSE,Left,FALSE,0,0,0,0,0,12,615,,
14616,12747,53542,TRUE,TRUE,FALSE,FALSE,FALSE,FALSE,None,None,TRUE,FALSE,Left,FALSE,0,0,0,0,0,14,616,,
12617,13437,53542,TRUE,TRUE,FALSE,FALSE,FALSE,FALSE,None,None,TRUE,FALSE,Left,FALSE,0,0,0,0,0,12,617,,
12618,13947,53542,TRUE,TRUE,FALSE,FALSE,FALSE,FALSE,None,None,TRUE,FALSE,Left,FALSE,0,0,0,0,0,12,618,,
14619,14757,53542,TRUE,TRUE,FALSE,FALSE,FALSE,FALSE,None,None,TRUE,FALSE,Left,FALSE,0,0,0,0,0,14,619,,
12620,15057,53542,TRUE,TRUE,FALSE,FALSE,FALSE,FALSE,None,None,TRUE,FALSE,Left,FALSE,0,0,0,0,0,12,620,,
12621,15537,53542,TRUE,TRUE,FALSE,FALSE,FALSE,FALSE,None,None,TRUE,FALSE,Left,FALSE,0,0,0,0,0,12,621,,
12622,16047,53542,TRUE,TRUE,FALSE,FALSE,FALSE,FALSE,None,None,TRUE,FALSE,Left,FALSE,0,0,0,0,0,12,622,,
14623,16737,53542,TRUE,TRUE,FALSE,FALSE,FALSE,FALSE,None,None,TRUE,FALSE,Left,FALSE,0,0,0,0,0,14,623,,
12624,17157,53542,TRUE,TRUE,FALSE,FALSE,FALSE,FALSE,None,None,TRUE,FALSE,Left,FALSE,0,0,0,0,0,12,624,,
12625,17637,53542,TRUE,TRUE,FALSE,FALSE,FALSE,FALSE,None,None,TRUE,FALSE,Left,FALSE,0,0,0,0,0,12,625,,
12626,18147,53542,TRUE,TRUE,FALSE,FALSE,FALSE,FALSE,None,None,TRUE,FALSE,Left,FALSE,0,0,0,0,0,12,626,,
14627,18747,53542,TRUE,TRUE,FALSE,FALSE,FALSE,FALSE,None,None,TRUE,FALSE,Left,FALSE,0,0,0,0,0,14,627,,
12628,19257,53542,TRUE,TRUE,FALSE,FALSE,FALSE,FALSE,None,None,TRUE,FALSE,Left,FALSE,0,0,0,0,0,12,628,,
12629,19737,53542,TRUE,TRUE,FALSE,FALSE,FALSE,FALSE,None,None,TRUE,FALSE,Left,FALSE,0,0,0,0,0,12,629,,
12630,20247,53542,TRUE,TRUE,FALSE,FALSE,FALSE,FALSE,None,None,TRUE,FALSE,Left,FALSE,0,0,0,0,0,12,630,,
13631,20757,53542,TRUE,TRUE,FALSE,FALSE,FALSE,FALSE,None,None,TRUE,FALSE,Left,FALSE,0,0,0,0,0,13,631,,
10632,21057,53542,TRUE,TRUE,FALSE,FALSE,FALSE,FALSE,None,None,TRUE,FALSE,Left,FALSE,0,0,0,0,0,10,632,,
10633,21707,51622,TRUE,TRUE,FALSE,FALSE,FALSE,FALSE,None,None,TRUE,FALSE,Left,FALSE,0,0,0,0,0,10,633,,
10634,21687,54874,TRUE,TRUE,FALSE,FALSE,FALSE,FALSE,None,None,TRUE,FALSE,Left,FALSE,0,0,0,0,0,10,634,,
12635,21357,54874,TRUE,TRUE,FALSE,FALSE,FALSE,FALSE,None,None,TRUE,FALSE,Left,FALSE,0,0,0,0,0,12,635,,
12636,20877,54874,TRUE,TRUE,FALSE,FALSE,FALSE,FALSE,None,None,TRUE,FALSE,Left,FALSE,0,0,0,0,0,12,636,,
12637,20397,54874,TRUE,TRUE,FALSE,FALSE,FALSE,FALSE,None,None,TRUE,FALSE,Left,FALSE,0,0,0,0,0,12,637,,
12638,19887,54874,TRUE,TRUE,FALSE,FALSE,FALSE,FALSE,None,None,TRUE,FALSE,Left,FALSE,0,0,0,0,0,12,638,,
12639,19257,54874,TRUE,TRUE,FALSE,FALSE,FALSE,FALSE,None,None,TRUE,FALSE,Left,FALSE,0,0,0,0,0,12,639,,
12640,18777,54874,TRUE,TRUE,FALSE,FALSE,FALSE,FALSE,None,None,TRUE,FALSE,Left,FALSE,0,0,0,0,0,12,640,,
12641,18267,54874,TRUE,TRUE,FALSE,FALSE,FALSE,FALSE,None,None,TRUE,FALSE,Left,FALSE,0,0,0,0,0,12,641,,
12642,17787,54874,TRUE,TRUE,FALSE,FALSE,FALSE,FALSE,None,None,TRUE,FALSE,Left,FALSE,0,0,0,0,0,12,642,,
12643,17187,54874,TRUE,TRUE,FALSE,FALSE,FALSE,FALSE,None,None,TRUE,FALSE,Left,FALSE,0,0,0,0,0,12,643,,
12644,16677,54874,TRUE,TRUE,FALSE,FALSE,FALSE,FALSE,None,None,TRUE,FALSE,Left,FALSE,0,0,0,0,0,12,644,,
12645,16197,54874,TRUE,TRUE,FALSE,FALSE,FALSE,FALSE,None,None,TRUE,FALSE,Left,FALSE,0,0,0,0,0,12,645,,
12646,15627,54874,TRUE,TRUE,FALSE,FALSE,FALSE,FALSE,None,None,TRUE,FALSE,Left,FALSE,0,0,0,0,0,12,646,,
12647,15087,54874,TRUE,TRUE,FALSE,FALSE,FALSE,FALSE,None,None,TRUE,FALSE,Left,FALSE,0,0,0,0,0,12,647,,
12648,14577,54874,TRUE,TRUE,FALSE,FALSE,FALSE,FALSE,None,None,TRUE,FALSE,Left,FALSE,0,0,0,0,0,12,648,,
12649,14097,54874,TRUE,TRUE,FALSE,FALSE,FALSE,FALSE,None,None,TRUE,FALSE,Left,FALSE,0,0,0,0,0,12,649,,
12650,13587,54874,TRUE,TRUE,FALSE,FALSE,FALSE,FALSE,None,None,TRUE,FALSE,Left,FALSE,0,0,0,0,0,12,650,,
12651,12957,54874,TRUE,TRUE,FALSE,FALSE,FALSE,FALSE,None,None,TRUE,FALSE,Left,FALSE,0,0,0,0,0,12,651,,
12652,12477,54874,TRUE,TRUE,FALSE,FALSE,FALSE,FALSE,None,None,TRUE,FALSE,Left,FALSE,0,0,0,0,0,12,652,,
12653,11997,54874,TRUE,TRUE,FALSE,FALSE,FALSE,FALSE,None,None,TRUE,FALSE,Left,FALSE,0,0,0,0,0,12,653,,
12654,11487,54874,TRUE,TRUE,FALSE,FALSE,FALSE,FALSE,None,None,TRUE,FALSE,Left,FALSE,0,0,0,0,0,12,654,,
12655,10857,54874,TRUE,TRUE,FALSE,FALSE,FALSE,FALSE,None,None,TRUE,FALSE,Left,FALSE,0,0,0,0,0,12,655,,
12656,10377,54874,TRUE,TRUE,FALSE,FALSE,FALSE,FALSE,None,None,TRUE,FALSE,Left,FALSE,0,0,0,0,0,12,656,,
12657,9897,54874,TRUE,TRUE,FALSE,FALSE,FALSE,FALSE,None,None,TRUE,FALSE,Left,FALSE,0,0,0,0,0,12,657,,
12658,9387,54874,TRUE,TRUE,FALSE,FALSE,FALSE,FALSE,None,None,TRUE,FALSE,Left,FALSE,0,0,0,0,0,12,658,,
12659,8757,54874,TRUE,TRUE,FALSE,FALSE,FALSE,FALSE,None,None,TRUE,FALSE,Left,FALSE,0,0,0,0,0,12,659,,
12660,8277,54874,TRUE,TRUE,FALSE,FALSE,FALSE,FALSE,None,None,TRUE,FALSE,Left,FALSE,0,0,0,0,0,12,660,,
12661,7767,54874,TRUE,TRUE,FALSE,FALSE,FALSE,FALSE,None,None,TRUE,FALSE,Left,FALSE,0,0,0,0,0,12,661,,
12662,7287,54874,TRUE,TRUE,FALSE,FALSE,FALSE,FALSE,None,None,TRUE,FALSE,Left,FALSE,0,0,0,0,0,12,662,,
12663,6657,54874,TRUE,TRUE,FALSE,FALSE,FALSE,FALSE,None,None,TRUE,FALSE,Left,FALSE,0,0,0,0,0,12,663,,
12664,6177,54874,TRUE,TRUE,FALSE,FALSE,FALSE,FALSE,None,None,TRUE,FALSE,Left,FALSE,0,0,0,0,0,12,664,,
12665,5667,54874,TRUE,TRUE,FALSE,FALSE,FALSE,FALSE,None,None,TRUE,FALSE,Left,FALSE,0,0,0,0,0,12,665,,
12666,5187,54874,TRUE,TRUE,FALSE,FALSE,FALSE,FALSE,None,None,TRUE,FALSE,Left,FALSE,0,0,0,0,0,12,666,,
12667,4547,54874,TRUE,TRUE,FALSE,FALSE,FALSE,FALSE,None,None,TRUE,FALSE,Left,FALSE,0,0,0,0,0,12,667,,
12668,4077,54874,TRUE,TRUE,FALSE,FALSE,FALSE,FALSE,None,None,TRUE,FALSE,Left,FALSE,0,0,0,0,0,12,668,,
12669,3567,54874,TRUE,TRUE,FALSE,FALSE,FALSE,FALSE,None,None,TRUE,FALSE,Left,FALSE,0,0,0,0,0,12,669,,
12670,3087,54874,TRUE,TRUE,FALSE,FALSE,FALSE,FALSE,None,None,TRUE,FALSE,Left,FALSE,0,0,0,0,0,12,670,,
12671,2457,54874,TRUE,TRUE,FALSE,FALSE,FALSE,FALSE,None,None,TRUE,FALSE,Left,FALSE,0,0,0,0,0,12,671,,
12672,1977,54874,TRUE,TRUE,FALSE,FALSE,FALSE,FALSE,None,None,TRUE,FALSE,Left,FALSE,0,0,0,0,0,12,672,,
12673,1467,54874,TRUE,TRUE,FALSE,FALSE,FALSE,FALSE,None,None,TRUE,FALSE,Left,FALSE,0,0,0,0,0,12,673,,
10674,1197,54874,TRUE,TRUE,FALSE,FALSE,FALSE,FALSE,None,None,TRUE,FALSE,Left,FALSE,0,0,0,0,0,10,674,,
10675,777,57052,TRUE,TRUE,FALSE,FALSE,FALSE,FALSE,None,None,TRUE,FALSE,Left,FALSE,0,0,0,0,0,10,675,,
10676,1557,57982,TRUE,TRUE,FALSE,FALSE,FALSE,FALSE,None,None,TRUE,FALSE,Left,FALSE,0,0,0,0,0,10,676,,
12677,2067,57982,TRUE,TRUE,FALSE,FALSE,FALSE,FALSE,None,None,TRUE,FALSE,Left,FALSE,0,0,0,0,0,12,677,,
14678,2577,57982,TRUE,TRUE,FALSE,FALSE,FALSE,FALSE,None,None,TRUE,FALSE,Left,FALSE,0,0,0,0,0,14,678,,
14679,3057,57982,TRUE,TRUE,FALSE,FALSE,FALSE,FALSE,None,None,TRUE,FALSE,Left,FALSE,0,0,0,0,0,14,679,,
12680,3537,57982,TRUE,TRUE,FALSE,FALSE,FALSE,FALSE,None,None,TRUE,FALSE,Left,FALSE,0,0,0,0,0,12,680,,
12681,4167,57982,TRUE,TRUE,FALSE,FALSE,FALSE,FALSE,None,None,TRUE,FALSE,Left,FALSE,0,0,0,0,0,12,681,,
14682,4677,57982,TRUE,TRUE,FALSE,FALSE,FALSE,FALSE,None,None,TRUE,FALSE,Left,FALSE,0,0,0,0,0,14,682,,
14683,5157,57982,TRUE,TRUE,FALSE,FALSE,FALSE,FALSE,None,None,TRUE,FALSE,Left,FALSE,0,0,0,0,0,14,683,,
12684,5637,57982,TRUE,TRUE,FALSE,FALSE,FALSE,FALSE,None,None,TRUE,FALSE,Left,FALSE,0,0,0,0,0,12,684,,
12685,6297,57982,TRUE,TRUE,FALSE,FALSE,FALSE,FALSE,None,None,TRUE,FALSE,Left,FALSE,0,0,0,0,0,12,685,,
12686,6777,57982,TRUE,TRUE,FALSE,FALSE,FALSE,FALSE,None,None,TRUE,FALSE,Left,FALSE,0,0,0,0,0,12,686,,
12687,7257,57982,TRUE,TRUE,FALSE,FALSE,FALSE,FALSE,None,None,TRUE,FALSE,Left,FALSE,0,0,0,0,0,12,687,,
12688,7767,57982,TRUE,TRUE,FALSE,FALSE,FALSE,FALSE,None,None,TRUE,FALSE,Left,FALSE,0,0,0,0,0,12,688,,
12689,8367,57982,TRUE,TRUE,FALSE,FALSE,FALSE,FALSE,None,None,TRUE,FALSE,Left,FALSE,0,0,0,0,0,12,689,,
12690,8877,57982,TRUE,TRUE,FALSE,FALSE,FALSE,FALSE,None,None,TRUE,FALSE,Left,FALSE,0,0,0,0,0,12,690,,
12691,9357,57982,TRUE,TRUE,FALSE,FALSE,FALSE,FALSE,None,None,TRUE,FALSE,Left,FALSE,0,0,0,0,0,12,691,,
12692,9867,57982,TRUE,TRUE,FALSE,FALSE,FALSE,FALSE,None,None,TRUE,FALSE,Left,FALSE,0,0,0,0,0,12,692,,
12693,10497,57982,TRUE,TRUE,FALSE,FALSE,FALSE,FALSE,None,None,TRUE,FALSE,Left,FALSE,0,0,0,0,0,12,693,,
12694,10977,57982,TRUE,TRUE,FALSE,FALSE,FALSE,FALSE,None,None,TRUE,FALSE,Left,FALSE,0,0,0,0,0,12,694,,
12695,11457,57982,TRUE,TRUE,FALSE,FALSE,FALSE,FALSE,None,None,TRUE,FALSE,Left,FALSE,0,0,0,0,0,12,695,,
12696,11967,57982,TRUE,TRUE,FALSE,FALSE,FALSE,FALSE,None,None,TRUE,FALSE,Left,FALSE,0,0,0,0,0,12,696,,
12697,12597,57982,TRUE,TRUE,FALSE,FALSE,FALSE,FALSE,None,None,TRUE,FALSE,Left,FALSE,0,0,0,0,0,12,697,,
12698,13077,57982,TRUE,TRUE,FALSE,FALSE,FALSE,FALSE,None,None,TRUE,FALSE,Left,FALSE,0,0,0,0,0,12,698,,
12699,13587,57982,TRUE,TRUE,FALSE,FALSE,FALSE,FALSE,None,None,TRUE,FALSE,Left,FALSE,0,0,0,0,0,12,699,,
12700,14067,57982,TRUE,TRUE,FALSE,FALSE,FALSE,FALSE,None,None,TRUE,FALSE,Left,FALSE,0,0,0,0,0,12,700,,
12701,14697,57982,TRUE,TRUE,FALSE,FALSE,FALSE,FALSE,None,None,TRUE,FALSE,Left,FALSE,0,0,0,0,0,12,701,,
12702,15177,57982,TRUE,TRUE,FALSE,FALSE,FALSE,FALSE,None,None,TRUE,FALSE,Left,FALSE,0,0,0,0,0,12,702,,
12703,15687,57982,TRUE,TRUE,FALSE,FALSE,FALSE,FALSE,None,None,TRUE,FALSE,Left,FALSE,0,0,0,0,0,12,703,,
12704,16167,57982,TRUE,TRUE,FALSE,FALSE,FALSE,FALSE,None,None,TRUE,FALSE,Left,FALSE,0,0,0,0,0,12,704,,
12705,16797,57982,TRUE,TRUE,FALSE,FALSE,FALSE,FALSE,None,None,TRUE,FALSE,Left,FALSE,0,0,0,0,0,12,705,,
12706,17277,57982,TRUE,TRUE,FALSE,FALSE,FALSE,FALSE,None,None,TRUE,FALSE,Left,FALSE,0,0,0,0,0,12,706,,
12707,17757,57982,TRUE,TRUE,FALSE,FALSE,FALSE,FALSE,None,None,TRUE,FALSE,Left,FALSE,0,0,0,0,0,12,707,,
12708,18267,57982,TRUE,TRUE,FALSE,FALSE,FALSE,FALSE,None,None,TRUE,FALSE,Left,FALSE,0,0,0,0,0,12,708,,
12709,18897,57982,TRUE,TRUE,FALSE,FALSE,FALSE,FALSE,None,None,TRUE,FALSE,Left,FALSE,0,0,0,0,0,12,709,,
12710,19377,57982,TRUE,TRUE,FALSE,FALSE,FALSE,FALSE,None,None,TRUE,FALSE,Left,FALSE,0,0,0,0,0,12,710,,
12711,19767,57982,TRUE,TRUE,FALSE,FALSE,FALSE,FALSE,None,None,TRUE,FALSE,Left,FALSE,0,0,0,0,0,12,711,,
12712,20367,57982,TRUE,TRUE,FALSE,FALSE,FALSE,FALSE,None,None,TRUE,FALSE,Left,FALSE,0,0,0,0,0,12,712,,
12713,20997,57982,TRUE,TRUE,FALSE,FALSE,FALSE,FALSE,None,None,TRUE,FALSE,Left,FALSE,0,0,0,0,0,12,713,,
12714,21477,57982,TRUE,TRUE,FALSE,FALSE,FALSE,FALSE,None,None,TRUE,FALSE,Left,FALSE,0,0,0,0,0,12,714,,
12715,21987,57982,TRUE,TRUE,FALSE,FALSE,FALSE,FALSE,None,None,TRUE,FALSE,Left,FALSE,0,0,0,0,0,12,715,,
12716,22467,57982,TRUE,TRUE,FALSE,FALSE,FALSE,FALSE,None,None,TRUE,FALSE,Left,FALSE,0,0,0,0,0,12,716,,
10717,22677,57982,TRUE,TRUE,FALSE,FALSE,FALSE,FALSE,None,None,TRUE,FALSE,Left,FALSE,0,0,0,0,0,10,717,,
10718,27654,49868,TRUE,TRUE,FALSE,FALSE,FALSE,FALSE,None,None,TRUE,FALSE,Left,FALSE,0,0,0,0,0,10,718,,
10719,30504,50318,TRUE,TRUE,FALSE,FALSE,FALSE,FALSE,None,None,TRUE,FALSE,Left,FALSE,0,0,0,0,0,10,719,,
10720,29424,50588,TRUE,TRUE,FALSE,FALSE,FALSE,FALSE,None,None,TRUE,FALSE,Left,FALSE,0,0,0,0,0,10,720,,
10721,27534,50588,TRUE,TRUE,FALSE,FALSE,FALSE,FALSE,None,None,TRUE,FALSE,Left,FALSE,0,0,0,0,0,10,721,,
12722,27834,41100,TRUE,TRUE,FALSE,FALSE,FALSE,FALSE,None,None,TRUE,FALSE,Left,FALSE,0,0,0,0,0,12,722,,
12723,28314,41100,TRUE,TRUE,FALSE,FALSE,FALSE,FALSE,None,None,TRUE,FALSE,Left,FALSE,0,0,0,0,0,12,723,,
12724,28794,41100,TRUE,TRUE,FALSE,FALSE,FALSE,FALSE,None,None,TRUE,FALSE,Left,FALSE,0,0,0,0,0,12,724,,
12725,29304,41100,TRUE,TRUE,FALSE,FALSE,FALSE,FALSE,None,None,TRUE,FALSE,Left,FALSE,0,0,0,0,0,12,725,,
12726,29934,41100,TRUE,TRUE,FALSE,FALSE,FALSE,FALSE,None,None,TRUE,FALSE,Left,FALSE,0,0,0,0,0,12,726,,
12727,30414,41100,TRUE,TRUE,FALSE,FALSE,FALSE,FALSE,None,None,TRUE,FALSE,Left,FALSE,0,0,0,0,0,12,727,,
12728,30894,41100,TRUE,TRUE,FALSE,FALSE,FALSE,FALSE,None,None,TRUE,FALSE,Left,FALSE,0,0,0,0,0,12,728,,
12729,31404,41100,TRUE,TRUE,FALSE,FALSE,FALSE,FALSE,None,None,TRUE,FALSE,Left,FALSE,0,0,0,0,0,12,729,,
13730,32034,41100,TRUE,TRUE,FALSE,FALSE,FALSE,FALSE,None,None,TRUE,FALSE,Left,FALSE,0,0,0,0,0,13,730,,
12731,32544,41100,TRUE,TRUE,FALSE,FALSE,FALSE,FALSE,None,None,TRUE,FALSE,Left,FALSE,0,0,0,0,0,12,731,,
12732,33024,41100,TRUE,TRUE,FALSE,FALSE,FALSE,FALSE,None,None,TRUE,FALSE,Left,FALSE,0,0,0,0,0,12,732,,
14733,33474,41100,TRUE,TRUE,FALSE,FALSE,FALSE,FALSE,None,None,TRUE,FALSE,Left,FALSE,0,0,0,0,0,14,733,,
12734,34134,41100,TRUE,TRUE,FALSE,FALSE,FALSE,FALSE,None,None,TRUE,FALSE,Left,FALSE,0,0,0,0,0,12,734,,
12735,34614,41100,TRUE,TRUE,FALSE,FALSE,FALSE,FALSE,None,None,TRUE,FALSE,Left,FALSE,0,0,0,0,0,12,735,,
12736,35124,41100,TRUE,TRUE,FALSE,FALSE,FALSE,FALSE,None,None,TRUE,FALSE,Left,FALSE,0,0,0,0,0,12,736,,
14737,35604,41100,TRUE,TRUE,FALSE,FALSE,FALSE,FALSE,None,None,TRUE,FALSE,Left,FALSE,0,0,0,0,0,14,737,,
12738,36234,41100,TRUE,TRUE,FALSE,FALSE,FALSE,FALSE,None,None,TRUE,FALSE,Left,FALSE,0,0,0,0,0,12,738,,
14739,36714,41100,TRUE,TRUE,FALSE,FALSE,FALSE,FALSE,None,None,TRUE,FALSE,Left,FALSE,0,0,0,0,0,14,739,,
12740,37194,41100,TRUE,TRUE,FALSE,FALSE,FALSE,FALSE,None,None,TRUE,FALSE,Left,FALSE,0,0,0,0,0,12,740,,
12741,37704,41100,TRUE,TRUE,FALSE,FALSE,FALSE,FALSE,None,None,TRUE,FALSE,Left,FALSE,0,0,0,0,0,12,741,,
12742,38334,41100,TRUE,TRUE,FALSE,FALSE,FALSE,FALSE,None,None,TRUE,FALSE,Left,FALSE,0,0,0,0,0,12,742,,
13743,38814,41100,TRUE,TRUE,FALSE,FALSE,FALSE,FALSE,None,None,TRUE,FALSE,Left,FALSE,0,0,0,0,0,13,743,,
12744,39324,41100,TRUE,TRUE,FALSE,FALSE,FALSE,FALSE,None,None,TRUE,FALSE,Left,FALSE,0,0,0,0,0,12,744,,
12745,39804,41100,TRUE,TRUE,FALSE,FALSE,FALSE,FALSE,None,None,TRUE,FALSE,Left,FALSE,0,0,0,0,0,12,745,,
14746,40074,41100,TRUE,TRUE,FALSE,FALSE,FALSE,FALSE,None,None,TRUE,FALSE,Left,FALSE,0,0,0,0,0,14,746,,
12747,40314,41100,TRUE,TRUE,FALSE,FALSE,FALSE,FALSE,None,None,TRUE,FALSE,Left,FALSE,0,0,0,0,0,12,747,,
12748,40554,41100,TRUE,TRUE,FALSE,FALSE,FALSE,FALSE,None,None,TRUE,FALSE,Left,FALSE,0,0,0,0,0,12,748,,
14749,41034,41100,TRUE,TRUE,FALSE,FALSE,FALSE,FALSE,None,None,TRUE,FALSE,Left,FALSE,0,0,0,0,0,14,749,,
12750,41454,41100,TRUE,TRUE,FALSE,FALSE,FALSE,FALSE,None,None,TRUE,FALSE,Left,FALSE,0,0,0,0,0,12,750,,
12751,42084,41100,TRUE,TRUE,FALSE,FALSE,FALSE,FALSE,None,None,TRUE,FALSE,Left,FALSE,0,0,0,0,0,12,751,,
14752,42414,41100,TRUE,TRUE,FALSE,FALSE,FALSE,FALSE,None,None,TRUE,FALSE,Left,FALSE,0,0,0,0,0,14,752,,
12753,43074,41100,TRUE,TRUE,FALSE,FALSE,FALSE,FALSE,None,None,TRUE,FALSE,Left,FALSE,0,0,0,0,0,12,753,,
12754,43554,41100,TRUE,TRUE,FALSE,FALSE,FALSE,FALSE,None,None,TRUE,FALSE,Left,FALSE,0,0,0,0,0,12,754,,
14755,44394,41100,TRUE,TRUE,FALSE,FALSE,FALSE,FALSE,None,None,TRUE,FALSE,Left,FALSE,0,0,0,0,0,14,755,,
12756,44664,41100,TRUE,TRUE,FALSE,FALSE,FALSE,FALSE,None,None,TRUE,FALSE,Left,FALSE,0,0,0,0,0,12,756,,
12757,45174,41100,TRUE,TRUE,FALSE,FALSE,FALSE,FALSE,None,None,TRUE,FALSE,Left,FALSE,0,0,0,0,0,12,757,,
14758,45774,41100,TRUE,TRUE,FALSE,FALSE,FALSE,FALSE,None,None,TRUE,FALSE,Left,FALSE,0,0,0,0,0,14,758,,
12759,46284,41100,TRUE,TRUE,FALSE,FALSE,FALSE,FALSE,None,None,TRUE,FALSE,Left,FALSE,0,0,0,0,0,12,759,,
12760,46764,41100,TRUE,TRUE,FALSE,FALSE,FALSE,FALSE,None,None,TRUE,FALSE,Left,FALSE,0,0,0,0,0,12,760,,
12761,47274,41100,TRUE,TRUE,FALSE,FALSE,FALSE,FALSE,None,None,TRUE,FALSE,Left,FALSE,0,0,0,0,0,12,761,,
14762,47664,41100,TRUE,TRUE,FALSE,FALSE,FALSE,FALSE,None,None,TRUE,FALSE,Left,FALSE,0,0,0,0,0,14,762,,
10763,48264,41100,TRUE,TRUE,FALSE,FALSE,FALSE,FALSE,None,None,TRUE,FALSE,Left,FALSE,0,0,0,0,0,14,763,,
10764,49104,41730,TRUE,TRUE,FALSE,FALSE,FALSE,FALSE,None,None,TRUE,FALSE,Left,FALSE,0,0,0,0,0,10,764,,
10765,48504,42420,TRUE,TRUE,FALSE,FALSE,FALSE,FALSE,None,None,TRUE,FALSE,Left,FALSE,0,0,0,0,0,10,765,,
13766,48204,42420,TRUE,TRUE,FALSE,FALSE,FALSE,FALSE,None,None,TRUE,FALSE,Left,FALSE,0,0,0,0,0,13,766,,
12767,47094,42420,TRUE,TRUE,FALSE,FALSE,FALSE,FALSE,None,None,TRUE,FALSE,Left,FALSE,0,0,0,0,0,12,767,,
14768,46794,42420,TRUE,TRUE,FALSE,FALSE,FALSE,FALSE,None,None,TRUE,FALSE,Left,FALSE,0,0,0,0,0,14,768,,
12769,46104,42420,TRUE,TRUE,FALSE,FALSE,FALSE,FALSE,None,None,TRUE,FALSE,Left,FALSE,0,0,0,0,0,12,769,,
12770,45624,42420,TRUE,TRUE,FALSE,FALSE,FALSE,FALSE,None,None,TRUE,FALSE,Left,FALSE,0,0,0,0,0,12,770,,
14771,45024,42420,TRUE,TRUE,FALSE,FALSE,FALSE,FALSE,None,None,TRUE,FALSE,Left,FALSE,0,0,0,0,0,14,771,,
12772,44514,42420,TRUE,TRUE,FALSE,FALSE,FALSE,FALSE,None,None,TRUE,FALSE,Left,FALSE,0,0,0,0,0,12,772,,
12773,44004,42420,TRUE,TRUE,FALSE,FALSE,FALSE,FALSE,None,None,TRUE,FALSE,Left,FALSE,0,0,0,0,0,12,773,,
14774,43644,42420,TRUE,TRUE,FALSE,FALSE,FALSE,FALSE,None,None,TRUE,FALSE,Left,FALSE,0,0,0,0,0,14,774,,
12775,42894,42420,TRUE,TRUE,FALSE,FALSE,FALSE,FALSE,None,None,TRUE,FALSE,Left,FALSE,0,0,0,0,0,12,775,,
12776,42414,42420,TRUE,TRUE,FALSE,FALSE,FALSE,FALSE,None,None,TRUE,FALSE,Left,FALSE,0,0,0,0,0,12,776,,
14777,41844,42420,TRUE,TRUE,FALSE,FALSE,FALSE,FALSE,None,None,TRUE,FALSE,Left,FALSE,0,0,0,0,0,14,777,,
12778,41424,42420,TRUE,TRUE,FALSE,FALSE,FALSE,FALSE,None,None,TRUE,FALSE,Left,FALSE,0,0,0,0,0,12,778,,
12779,40794,42420,TRUE,TRUE,FALSE,FALSE,FALSE,FALSE,None,None,TRUE,FALSE,Left,FALSE,0,0,0,0,0,12,779,,
14780,40434,42420,TRUE,TRUE,FALSE,FALSE,FALSE,FALSE,None,None,TRUE,FALSE,Left,FALSE,0,0,0,0,0,14,780,,
12781,39804,42420,TRUE,TRUE,FALSE,FALSE,FALSE,FALSE,None,None,TRUE,FALSE,Left,FALSE,0,0,0,0,0,12,781,,
12782,39324,42420,TRUE,TRUE,FALSE,FALSE,FALSE,FALSE,None,None,TRUE,FALSE,Left,FALSE,0,0,0,0,0,12,782,,
14783,38634,42420,TRUE,TRUE,FALSE,FALSE,FALSE,FALSE,None,None,TRUE,FALSE,Left,FALSE,0,0,0,0,0,14,783,,
12784,38214,42420,TRUE,TRUE,FALSE,FALSE,FALSE,FALSE,None,None,TRUE,FALSE,Left,FALSE,0,0,0,0,0,12,784,,
12785,37704,42420,TRUE,TRUE,FALSE,FALSE,FALSE,FALSE,None,None,TRUE,FALSE,Left,FALSE,0,0,0,0,0,12,785,,
14786,37254,42420,TRUE,TRUE,FALSE,FALSE,FALSE,FALSE,None,None,TRUE,FALSE,Left,FALSE,0,0,0,0,0,14,786,,
12787,36594,42420,TRUE,TRUE,FALSE,FALSE,FALSE,FALSE,None,None,TRUE,FALSE,Left,FALSE,0,0,0,0,0,12,787,,
12788,36114,42420,TRUE,TRUE,FALSE,FALSE,FALSE,FALSE,None,None,TRUE,FALSE,Left,FALSE,0,0,0,0,0,12,788,,
12789,35604,42420,TRUE,TRUE,FALSE,FALSE,FALSE,FALSE,None,None,TRUE,FALSE,Left,FALSE,0,0,0,0,0,12,789,,
14790,35274,42420,TRUE,TRUE,FALSE,FALSE,FALSE,FALSE,None,None,TRUE,FALSE,Left,FALSE,0,0,0,0,0,14,790,,
12791,34974,42420,TRUE,TRUE,FALSE,FALSE,FALSE,FALSE,None,None,TRUE,FALSE,Left,FALSE,0,0,0,0,0,12,791,,
14792,34494,42420,TRUE,TRUE,FALSE,FALSE,FALSE,FALSE,None,None,TRUE,FALSE,Left,FALSE,0,0,0,0,0,14,792,,
12793,34014,42420,TRUE,TRUE,FALSE,FALSE,FALSE,FALSE,None,None,TRUE,FALSE,Left,FALSE,0,0,0,0,0,12,793,,
12794,33504,42420,TRUE,TRUE,FALSE,FALSE,FALSE,FALSE,None,None,TRUE,FALSE,Left,FALSE,0,0,0,0,0,12,794,,
12795,32904,42420,TRUE,TRUE,FALSE,FALSE,FALSE,FALSE,None,None,TRUE,FALSE,Left,FALSE,0,0,0,0,0,12,795,,
14796,32394,42420,TRUE,TRUE,FALSE,FALSE,FALSE,FALSE,None,None,TRUE,FALSE,Left,FALSE,0,0,0,0,0,14,796,,
12797,31914,42420,TRUE,TRUE,FALSE,FALSE,FALSE,FALSE,None,None,TRUE,FALSE,Left,FALSE,0,0,0,0,0,12,797,,
12798,31434,42420,TRUE,TRUE,FALSE,FALSE,FALSE,FALSE,None,None,TRUE,FALSE,Left,FALSE,0,0,0,0,0,12,798,,
13799,30804,42420,TRUE,TRUE,FALSE,FALSE,FALSE,FALSE,None,None,TRUE,FALSE,Left,FALSE,0,0,0,0,0,13,799,,
12800,30294,42420,TRUE,TRUE,FALSE,FALSE,FALSE,FALSE,None,None,TRUE,FALSE,Left,FALSE,0,0,0,0,0,12,800,,
12801,29814,42420,TRUE,TRUE,FALSE,FALSE,FALSE,FALSE,None,None,TRUE,FALSE,Left,FALSE,0,0,0,0,0,12,801,,
12802,29304,42420,TRUE,TRUE,FALSE,FALSE,FALSE,FALSE,None,None,TRUE,FALSE,Left,FALSE,0,0,0,0,0,12,802,,
12803,28674,42420,TRUE,TRUE,FALSE,FALSE,FALSE,FALSE,None,None,TRUE,FALSE,Left,FALSE,0,0,0,0,0,12,803,,
12804,28224,42420,TRUE,TRUE,FALSE,FALSE,FALSE,FALSE,None,None,TRUE,FALSE,Left,FALSE,0,0,0,0,0,12,804,,
12805,27714,42420,TRUE,TRUE,FALSE,FALSE,FALSE,FALSE,None,None,TRUE,FALSE,Left,FALSE,0,0,0,0,0,12,805,,
12806,27234,42420,TRUE,TRUE,FALSE,FALSE,FALSE,FALSE,None,None,TRUE,FALSE,Left,FALSE,0,0,0,0,0,12,806,,
10807,23367,7770,TRUE,TRUE,FALSE,FALSE,FALSE,FALSE,None,None,TRUE,FALSE,Left,FALSE,0,0,0,0,0,10,807,,
10808,23367,4110,TRUE,TRUE,FALSE,FALSE,FALSE,FALSE,None,None,TRUE,FALSE,Left,FALSE,0,0,0,0,0,10,808,,
10809,23367,3000,TRUE,TRUE,FALSE,FALSE,FALSE,FALSE,None,None,TRUE,FALSE,Left,FALSE,0,0,0,0,0,10,809,,
10810,23367,510,TRUE,TRUE,FALSE,FALSE,FALSE,FALSE,None,None,TRUE,FALSE,Left,FALSE,0,0,0,0,0,10,810,,
10811,22710,0,TRUE,TRUE,FALSE,FALSE,FALSE,FALSE,None,None,TRUE,FALSE,Left,FALSE,0,0,0,0,0,10,811,,
10812,22710,570,TRUE,TRUE,FALSE,FALSE,FALSE,FALSE,None,None,TRUE,FALSE,Left,FALSE,0,0,0,0,0,10,812,,
11813,22710,2370,TRUE,TRUE,FALSE,FALSE,FALSE,FALSE,None,None,TRUE,FALSE,Left,FALSE,0,0,0,0,0,11,813,,
11814,22710,4170,TRUE,TRUE,FALSE,FALSE,FALSE,FALSE,None,None,TRUE,FALSE,Left,FALSE,0,0,0,0,0,11,814,,
11815,22710,5970,TRUE,TRUE,FALSE,FALSE,FALSE,FALSE,None,None,TRUE,FALSE,Left,FALSE,0,0,0,0,0,11,815,,
10816,22710,8010,TRUE,TRUE,FALSE,FALSE,FALSE,FALSE,None,None,TRUE,FALSE,Left,FALSE,0,0,0,0,0,10,816,,
10817,22710,11040,TRUE,TRUE,FALSE,FALSE,FALSE,FALSE,None,None,TRUE,FALSE,Left,FALSE,0,0,0,0,0,10,817,,
10818,22710,13830,TRUE,TRUE,FALSE,FALSE,FALSE,FALSE,None,None,TRUE,FALSE,Left,FALSE,0,0,0,0,0,10,818,,
11819,22710,15630,TRUE,TRUE,FALSE,FALSE,FALSE,FALSE,None,None,TRUE,FALSE,Left,FALSE,0,0,0,0,0,11,819,,
11820,22710,17430,TRUE,TRUE,FALSE,FALSE,FALSE,FALSE,None,None,TRUE,FALSE,Left,FALSE,0,0,0,0,0,11,820,,
10821,22710,19080,TRUE,TRUE,FALSE,FALSE,FALSE,FALSE,None,None,TRUE,FALSE,Left,FALSE,0,0,0,0,0,10,821,,
10822,22710,21570,TRUE,TRUE,FALSE,FALSE,FALSE,FALSE,None,None,TRUE,FALSE,Left,FALSE,0,0,0,0,0,10,822,,
10823,22710,24570,TRUE,TRUE,FALSE,FALSE,FALSE,FALSE,None,None,TRUE,FALSE,Left,FALSE,0,0,0,0,0,10,823,,
10824,22710,27270,TRUE,TRUE,FALSE,FALSE,FALSE,FALSE,None,None,TRUE,FALSE,Left,FALSE,0,0,0,0,0,10,824,,
10825,22710,29670,TRUE,TRUE,FALSE,FALSE,FALSE,FALSE,None,None,TRUE,FALSE,Left,FALSE,0,0,0,0,0,10,825,,
10826,22710,32100,TRUE,TRUE,FALSE,FALSE,FALSE,FALSE,None,None,TRUE,FALSE,Left,FALSE,0,0,0,0,0,10,826,,
10827,22710,35100,TRUE,TRUE,FALSE,FALSE,FALSE,FALSE,None,None,TRUE,FALSE,Left,FALSE,0,0,0,0,0,10,827,,
10828,22710,37022,TRUE,TRUE,FALSE,FALSE,FALSE,FALSE,None,None,TRUE,FALSE,Left,FALSE,0,0,0,0,0,10,828,,
10829,22710,40785,TRUE,TRUE,FALSE,FALSE,FALSE,FALSE,None,None,TRUE,FALSE,Left,FALSE,0,0,0,0,0,10,829,,
10830,22710,42435,TRUE,TRUE,FALSE,FALSE,FALSE,FALSE,None,None,TRUE,FALSE,Left,FALSE,0,0,0,0,0,10,830,,
10831,22710,44738,TRUE,TRUE,FALSE,FALSE,FALSE,FALSE,None,None,TRUE,FALSE,Left,FALSE,0,0,0,0,0,10,831,,
10832,22710,47891,TRUE,TRUE,FALSE,FALSE,FALSE,FALSE,None,None,TRUE,FALSE,Left,FALSE,0,0,0,0,0,10,832,,
10833,22710,52701,TRUE,TRUE,FALSE,FALSE,FALSE,FALSE,None,None,TRUE,FALSE,Left,FALSE,0,0,0,0,0,10,833,,
10834,22947,54214,TRUE,TRUE,FALSE,FALSE,FALSE,FALSE,None,None,TRUE,FALSE,Left,FALSE,0,0,0,0,0,10,834,,
10835,22947,56734,TRUE,TRUE,FALSE,FALSE,FALSE,FALSE,None,None,TRUE,FALSE,Left,FALSE,0,0,0,0,0,10,835,,
10836,23367,58822,TRUE,TRUE,FALSE,FALSE,FALSE,FALSE,None,None,TRUE,FALSE,Left,FALSE,0,0,0,0,0,10,836,,
10837,23367,57412,TRUE,TRUE,FALSE,FALSE,FALSE,FALSE,None,None,TRUE,FALSE,Left,FALSE,0,0,0,0,0,10,837,,
10838,23367,54894,TRUE,TRUE,FALSE,FALSE,FALSE,FALSE,None,None,TRUE,FALSE,Left,FALSE,0,0,0,0,0,10,838,,
11839,23367,53394,TRUE,TRUE,FALSE,FALSE,FALSE,FALSE,None,None,TRUE,FALSE,Left,FALSE,0,0,0,0,0,11,839,,
11840,23367,51894,TRUE,TRUE,FALSE,FALSE,FALSE,FALSE,None,None,TRUE,FALSE,Left,FALSE,0,0,0,0,0,11,840,,
11841,23367,50394,TRUE,TRUE,FALSE,FALSE,FALSE,FALSE,None,None,TRUE,FALSE,Left,FALSE,0,0,0,0,0,11,841,,
10842,23367,47334,TRUE,TRUE,FALSE,FALSE,FALSE,FALSE,None,None,TRUE,FALSE,Left,FALSE,0,0,0,0,0,10,842,,
10843,23367,44284,TRUE,TRUE,FALSE,FALSE,FALSE,FALSE,None,None,TRUE,FALSE,Left,FALSE,0,0,0,0,0,10,843,,
11844,23367,42006,TRUE,TRUE,FALSE,FALSE,FALSE,FALSE,None,None,TRUE,FALSE,Left,FALSE,0,0,0,0,0,11,844,,
10845,23367,40056,TRUE,TRUE,FALSE,FALSE,FALSE,FALSE,None,None,TRUE,FALSE,Left,FALSE,0,0,0,0,0,10,845,,
10846,23367,37380,TRUE,TRUE,FALSE,FALSE,FALSE,FALSE,None,None,TRUE,FALSE,Left,FALSE,0,0,0,0,0,10,846,,
10847,23367,34200,TRUE,TRUE,FALSE,FALSE,FALSE,FALSE,None,None,TRUE,FALSE,Left,FALSE,0,0,0,0,0,10,847,,
11848,23367,32100,TRUE,TRUE,FALSE,FALSE,FALSE,FALSE,None,None,TRUE,FALSE,Left,FALSE,0,0,0,0,0,11,848,,
10849,23367,30030,TRUE,TRUE,FALSE,FALSE,FALSE,FALSE,None,None,TRUE,FALSE,Left,FALSE,0,0,0,0,0,10,849,,
10850,23367,27600,TRUE,TRUE,FALSE,FALSE,FALSE,FALSE,None,None,TRUE,FALSE,Left,FALSE,0,0,0,0,0,10,850,,
10851,23367,24420,TRUE,TRUE,FALSE,FALSE,FALSE,FALSE,None,None,TRUE,FALSE,Left,FALSE,0,0,0,0,0,10,851,,
11852,23367,22920,TRUE,TRUE,FALSE,FALSE,FALSE,FALSE,None,None,TRUE,FALSE,Left,FALSE,0,0,0,0,0,11,852,,
11853,23367,21420,TRUE,TRUE,FALSE,FALSE,FALSE,FALSE,None,None,TRUE,FALSE,Left,FALSE,0,0,0,0,0,11,853,,
10854,23367,19710,TRUE,TRUE,FALSE,FALSE,FALSE,FALSE,None,None,TRUE,FALSE,Left,FALSE,0,0,0,0,0,10,854,,
10855,23367,17220,TRUE,TRUE,FALSE,FALSE,FALSE,FALSE,None,None,TRUE,FALSE,Left,FALSE,0,0,0,0,0,10,855,,
10856,23367,14160,TRUE,TRUE,FALSE,FALSE,FALSE,FALSE,None,None,TRUE,FALSE,Left,FALSE,0,0,0,0,0,10,856,,
11857,23367,12120,TRUE,TRUE,FALSE,FALSE,FALSE,FALSE,None,None,TRUE,FALSE,Left,FALSE,0,0,0,0,0,11,857,,
10858,23367,10080,TRUE,TRUE,FALSE,FALSE,FALSE,FALSE,None,None,TRUE,FALSE,Left,FALSE,0,0,0,0,0,10,858,,
10859,26574,10080,TRUE,TRUE,FALSE,FALSE,FALSE,FALSE,None,None,TRUE,FALSE,Left,FALSE,0,0,0,0,0,10,859,,
10860,26574,12570,TRUE,TRUE,FALSE,FALSE,FALSE,FALSE,None,None,TRUE,FALSE,Left,FALSE,0,0,0,0,0,10,860,,
10861,26574,15000,TRUE,TRUE,FALSE,FALSE,FALSE,FALSE,None,None,TRUE,FALSE,Left,FALSE,0,0,0,0,0,10,861,,
10862,26574,17280,TRUE,TRUE,FALSE,FALSE,FALSE,FALSE,None,None,TRUE,FALSE,Left,FALSE,0,0,0,0,0,10,862,,
10863,26574,20280,TRUE,TRUE,FALSE,FALSE,FALSE,FALSE,None,None,TRUE,FALSE,Left,FALSE,0,0,0,0,0,10,863,,
10864,26574,22770,TRUE,TRUE,FALSE,FALSE,FALSE,FALSE,None,None,TRUE,FALSE,Left,FALSE,0,0,0,0,0,10,864,,
10865,26574,25410,TRUE,TRUE,FALSE,FALSE,FALSE,FALSE,None,None,TRUE,FALSE,Left,FALSE,0,0,0,0,0,10,865,,
10866,26574,28800,TRUE,TRUE,FALSE,FALSE,FALSE,FALSE,None,None,TRUE,FALSE,Left,FALSE,0,0,0,0,0,10,866,,
10867,26574,30390,TRUE,TRUE,FALSE,FALSE,FALSE,FALSE,None,None,TRUE,FALSE,Left,FALSE,0,0,0,0,0,10,867,,
10868,26574,32850,TRUE,TRUE,FALSE,FALSE,FALSE,FALSE,None,None,TRUE,FALSE,Left,FALSE,0,0,0,0,0,10,868,,
10869,26574,36060,TRUE,TRUE,FALSE,FALSE,FALSE,FALSE,None,None,TRUE,FALSE,Left,FALSE,0,0,0,0,0,10,869,,
10870,26574,38100,TRUE,TRUE,FALSE,FALSE,FALSE,FALSE,None,None,TRUE,FALSE,Left,FALSE,0,0,0,0,0,10,870,,
10871,26574,40440,TRUE,TRUE,FALSE,FALSE,FALSE,FALSE,None,None,TRUE,FALSE,Left,FALSE,0,0,0,0,0,10,871,,
10872,26574,42828,TRUE,TRUE,FALSE,FALSE,FALSE,FALSE,None,None,TRUE,FALSE,Left,FALSE,0,0,0,0,0,10,872,,
10873,26574,45618,TRUE,TRUE,FALSE,FALSE,FALSE,FALSE,None,None,TRUE,FALSE,Left,FALSE,0,0,0,0,0,10,873,,
10874,26574,48938,TRUE,TRUE,FALSE,FALSE,FALSE,FALSE,None,None,TRUE,FALSE,Left,FALSE,0,0,0,0,0,10,874,,
10875,26574,50785,TRUE,TRUE,FALSE,FALSE,FALSE,FALSE,None,None,TRUE,FALSE,Left,FALSE,0,0,0,0,0,10,875,,
10876,26574,52495,TRUE,TRUE,FALSE,FALSE,FALSE,FALSE,None,None,TRUE,FALSE,Left,FALSE,0,0,0,0,0,10,876,,
10877,26574,54355,TRUE,TRUE,FALSE,FALSE,FALSE,FALSE,None,None,TRUE,FALSE,Left,FALSE,0,0,0,0,0,10,877,,
10878,26574,56815,TRUE,TRUE,FALSE,FALSE,FALSE,FALSE,None,None,TRUE,FALSE,Left,FALSE,0,0,0,0,0,10,878,,
10879,0,20850,TRUE,TRUE,FALSE,FALSE,FALSE,FALSE,None,None,TRUE,FALSE,Left,FALSE,0,0,0,0,0,10,879,,
10880,21930,11970,TRUE,TRUE,FALSE,FALSE,FALSE,FALSE,None,None,TRUE,FALSE,Left,FALSE,0,0,0,0,0,10,880,,